Run Number:,3,...3,Date:,20201113,...6,Initials:,RN,...9,...10,...11,...12,...13,...14,...15,...16,...17,...18,...19,...20,...21,...22,...23,...24,...25,...26,...27,...28,...29,...30,...31,...32,...33,...34,...35,...36,...37,...38,...39,...40,...41,...42,...43,...44,...45,...46,...47,...48,...49,...50,...51,...52,...53,...54,...55,...56,...57,...58,...59,...60,...61,...62,...63,...64,...65,...66,...67,...68,...69,...70,...71,...72
ENTER SCAN DATA HERE,Sample Name,,,,,,,1,2,3,4,5,6,7,8,9,10,11,12,13,14,15,16,17,18,19,20,21,22,23,24,25,26,27,28,29,30,31,32,33,34,35,36,37,38,39,40,41,42,43,44,45,46,47,48,49,50,51,52,53,54,55,56,57,58,59,60,61,62,63,64
Wavelength,0,100,200,400,600,800,1000,179,186,178,182,177,187,167,184,173,163,175,166,181,169,176,164,188,168,171,180,189,190,191,170,165,172,183,174,185,156,193,160,151,147,158,192,149,148,143,161,162,152,155,136,153,144,145,146,139,150,157,154,131,140,141,142,135,132,133,134,130,159,137,138
200,2.9000000000000001E-2,0.106,0.184,0.31,0.441,0.583,0.72,0.779,3.071,0.249,0.488,0.234,0.483,1.12,1.48,0.506,1.242,0.686,2.219,0.492,3.252,0.718,0.87,0.443,1.317,0.889,0.81,0.795,1.056,1.734,0.583,0.667,0.572,1.292,0.474,2.687,0.534,0.651,2.16,1.329,0.513,0.347,2.447,1.481,0.492,0.336,2.089,2.162,1.564,0.683,0.5,2.154,1.177,1.375,3.166,2.176,1.657,0.33,3.148,2.496,2.266,0.35,0.345,3.313,2.729,1.209,1.385,0.687,0.332,0.476,2.173
205,2.5000000000000001E-2,0.098,0.172,0.295,0.423,0.561,0.692,0.724,2.985,0.212,0.435,0.195,0.449,1.083,1.446,0.47,1.175,0.638,2.147,0.441,3.153,0.673,0.809,0.412,1.283,0.859,0.758,0.746,1.003,1.698,0.547,0.597,0.537,1.254,0.442,2.632,0.43,0.611,2.12,1.296,0.478,0.316,2.394,1.409,0.461,0.302,2.045,2.121,1.528,0.606,0.464,2.124,1.141,1.342,3.088,2.131,1.582,0.296,3.066,2.416,2.222,0.316,0.314,3.202,2.666,1.17,1.349,0.617,0.297,0.445,2.131
210,2.1999999999999999E-2,0.085,0.15,0.255,0.364,0.483,0.598,0.676,2.884,0.183,0.398,0.164,0.414,1.031,1.392,0.433,1.107,0.59,2.05,0.4,3.086,0.625,0.76,0.383,1.23,0.817,0.713,0.7,0.947,1.635,0.508,0.544,0.498,1.198,0.411,2.541,0.368,0.571,2.041,1.245,0.441,0.289,2.308,1.316,0.431,0.27,1.966,2.042,1.468,0.55,0.428,2.057,1.088,1.288,3.012,2.05,1.483,0.265,2.981,2.315,2.137,0.285,0.286,3.138,2.569,1.114,1.294,0.562,0.267,0.415,2.05
215,2.1000000000000001E-2,0.068,0.117,0.193,0.273,0.359,0.442,0.628,2.713,0.162,0.368,0.141,0.381,0.97,1.32,0.399,1.034,0.543,1.924,0.366,2.938,0.577,0.713,0.357,1.164,0.769,0.666,0.653,0.887,1.547,0.471,0.493,0.46,1.132,0.383,2.395,0.331,0.531,1.93,1.176,0.408,0.266,2.178,1.212,0.402,0.243,1.854,1.931,1.385,0.503,0.395,1.951,1.024,1.219,2.861,1.935,1.373,0.24,2.831,2.177,2.019,0.259,0.263,2.995,2.426,1.048,1.225,0.509,0.24,0.388,1.937
220,0.02,0.052,0.085,0.129,0.18,0.235,0.288,0.587,2.552,0.147,0.343,0.125,0.355,0.915,1.25,0.372,0.969,0.506,1.806,0.339,2.795,0.539,0.671,0.335,1.1,0.725,0.624,0.613,0.833,1.46,0.441,0.449,0.431,1.071,0.36,2.249,0.304,0.5,1.824,1.107,0.381,0.247,2.052,1.124,0.379,0.221,1.747,1.824,1.302,0.468,0.37,1.845,0.966,1.153,2.71,1.826,1.278,0.219,2.673,2.048,1.908,0.238,0.244,2.847,2.286,0.989,1.158,0.465,0.217,0.366,1.83
225,0.02,0.038,0.058,0.076,0.101,0.129,0.155,0.545,2.377,0.133,0.317,0.111,0.328,0.859,1.176,0.345,0.904,0.467,1.688,0.311,2.626,0.499,0.629,0.312,1.034,0.68,0.58,0.572,0.778,1.368,0.41,0.405,0.399,1.008,0.335,2.096,0.279,0.466,1.715,1.036,0.353,0.23,1.918,1.04,0.354,0.201,1.637,1.714,1.217,0.432,0.343,1.731,0.908,1.085,2.548,1.714,1.187,0.201,2.501,1.918,1.793,0.218,0.226,2.669,2.144,0.929,1.09,0.421,0.197,0.343,1.721
238,1.6E-2,0.022,0.028,0.022,0.023,0.026,0.029,0.455,1.969,0.107,0.263,0.086,0.272,0.729,1.004,0.286,0.76,0.385,1.419,0.256,2.222,0.413,0.533,0.263,0.879,0.577,0.487,0.47,0.644,1.144,0.341,0.325,0.331,0.86,0.282,1.739,0.23,0.39,1.447,0.864,0.293,0.193,1.599,0.854,0.299,0.162,1.38,1.444,1.012,0.355,0.285,1.455,0.771,0.924,2.15,1.445,0.982,0.163,2.095,1.62,1.513,0.178,0.188,2.255,1.81,0.788,0.929,0.339,0.159,0.29,1.4533
250,1.4E-2,0.018,0.022,0.015,0.014,0.015,0.015,0.404,1.717,0.094,0.234,0.075,0.241,0.647,0.893,0.254,0.672,0.341,1.252,0.227,1.961,0.364,0.475,0.235,0.78,0.511,0.431,0.409,0.56,1.004,0.303,0.287,0.294,0.767,0.252,1.521,0.205,0.346,1.275,0.759,0.26,0.171,1.397,0.742,0.268,0.142,1.216,1.272,0.886,0.313,0.252,1.282,0.685,0.82,1.897,1.273,0.854,0.144,1.84,1.429,1.333,0.157,0.167,1.989,1.591,0.698,0.824,0.299,0.139,0.26,1.281
,,,,,,,,,,,,,,,,,,,,,,,,,,,,,,,,,,,,,,,,,,,,,,,,,,,,,,,,,,,,,,,,,,,,,,,
COEFFICIENTS OF 3RD-ORDER POLYNOMIAL (c3*x^3)+(c2*x^2)+c1*x)+b,,,,,,,,,,,,,,,,,,,,,,,,,,,,,,,,,,,,,,,,,,,,,,,,,,,,,,,,,,,,,,,,,,,,,,,
c3,-2.211539717645155E-7,0.000000983161779193968,0.00000227968148579337,0.00000510931974946177,0.00000773551000982775,0.0000104988242663436,0.0000131131753638617,0.000000500593766413422,0.0000121813447950897,-0.00000118291520583289,-0.000000916413064602122,-0.00000126208681655689,0.000000244634195930013,0.00000276961066894158,0.00000473176555993379,0.00000017257367890011,0.0000017963713414412,0.000000550358313229838,0.00000676299173765834,-0.000000716264761473129,0.0000110752333133553,0.000000735947475217515,0.00000010049655297707,0.0000000946973911098366,0.00000397614677613175,0.00000213666702999021,0.000000809203618770314,0.000000780494740078454,0.00000173791977494805,0.00000661894462082598,0.000000545874526831776,-0.0000000212388873669026,0.000000623043453435338,0.00000337843824195508,0.00000018094808950476,0.0000119137253054743,-0.00000445253514341417,0.00000050727405767807,0.00000780389945862994,0.00000492630585923252,0.000000267522020599998,-0.000000455969932977297,0.00000963505541583125,0.0000031706289491189,0.000000301190815759198,-0.000000340640085987321,0.00000765351201082111,0.0000079160019040005,0.00000609470539071731,-0.00000159549197465214,0.0000000464229928424927,0.00000925342742859851,0.00000310399703763095,0.00000419326925096544,0.0000119305749484518,0.0000078087031659356,0.00000347284340211687,-0.000000455595021421927,0.0000124101248405736,0.00000735173195846732,0.0000080147600205476,-0.000000357055419808592,-0.00000036276384925979,0.000011369831159511,0.00000958464970630968,0.00000296547959416917,0.00000399944885802088,-0.000000101700799668869,-0.000000311209486735394,0.000000115084038842275,0.00000765289528577928
c2,1.5291247719791625E-4,-0.000627884781560267,-0.00147244941624873,-0.00332299738048224,-0.00503804883143864,-0.00684013129442967,-0.00854476944705274,-0.000263585674112654,-0.00820069660322413,0.000860931482380907,0.000688482764490728,0.000922704308681275,-0.00010969459113357,-0.00182837995325954,-0.00317763772594074,-0.0000584363294235179,-0.00112734328573337,-0.000295710332657765,-0.00448877844588304,0.000560984482499573,-0.0075203154093878,-0.000427829018951745,0.00000208358929883271,-0.0000203400598701764,-0.00265992727591636,-0.0014092642183181,-0.000483100187123408,-0.000475606384729421,-0.00112230094718083,-0.00446470406651592,-0.00031351199551155,0.000126088438300776,-0.000364453908427602,-0.00224400455707934,-0.000076824965795249,-0.00803233565059639,0.00315074784955822,-0.000288619725542796,-0.00525966410725468,-0.00331137997648115,-0.000125489845270614,0.00035526196687436,-0.00649781495879894,-0.00202146142623524,-0.000160654960822109,0.000291556491890478,-0.00514078343313308,-0.00533490143763477,-0.00409998515995096,0.00118393370505782,0.000023054954211964,-0.00626665698785808,-0.00205581821766785,-0.00280922346941759,-0.00808578155772988,-0.00525163959942574,-0.00222997569860724,0.000366682283570836,-0.00839865656909874,-0.00489238702347016,-0.0053955592294154,0.000298583666266261,0.000293840530848157,-0.00772394314332096,-0.0064455387479685,-0.00195992420540828,-0.00267549666293216,0.000181580672559331,0.000271542929939786,-0.0000359627221429171,-0.00515179457632581
c1,-3.5381100413756146E-2,0.130831019956771,0.311660172054864,0.710166083155709,1.07874173275245,1.46538516899278,1.83098996906522,0.0347894055963832,1.80556642638173,-0.210112106988732,-0.175098285133626,-0.225920417734164,0.00720560298256793,0.390900292145741,0.696558311982694,-0.00507142579950012,0.22194873064889,0.0422316940944797,0.969179573411879,-0.148489730344732,1.66950878070303,0.0731934906119215,-0.0241281297801616,-0.00944351691895248,0.579819982830972,0.300732408572533,0.0864319519193465,0.0872875773885403,0.230077759832809,0.985075879087432,0.0522216754074108,-0.0610603649408881,0.0634130786043966,0.484042917968162,0.00253902150410122,1.77431924337832,-0.745295316389456,0.0464153008942524,1.15895589126718,0.727426212532252,0.0106040800947466,-0.0938493025043623,1.4336031603635,0.411265183019871,0.0218839830610828,-0.0831376912382935,1.12863922031631,1.17562276869329,0.901941654478736,-0.296808172586336,-0.0224204126254778,1.39133654150395,0.441866669446149,0.61352406457949,1.79386404982412,1.15425646021662,0.457723130174025,-0.0992490139801441,1.86075388458324,1.05903080335109,1.18698445947126,-0.0837710313022839,-0.0804636871045096,1.71562707721738,1.41598713768164,0.419458135872083,0.582790176609136,-0.0739308703454302,-0.0785924048428331,-0.00568506683559635,1.13329800704455
b,2.7575085469245413,-8.80778833072608,-21.4826421381681,-49.6671943835449,-75.6530211475087,-102.856655921887,-128.564414770633,0.358519966638257,-127.462521368324,17.2962670068231,15.2961754356438,18.605680134108,1.4730127266212,-26.0787222227381,-48.576859595756,2.47743969492954,-12.4243760215614,-0.334600042724254,-66.1638751800118,13.4787809033206,-118.447567198052,-2.69428899567357,4.80563649319619,2.38715901752126,-40.0558519879166,-19.9778824447174,-3.62732349963077,-3.88350264209274,-13.9709628321238,-69.6408050603541,-1.68741780738019,8.00292667404772,-2.51607059123089,-32.7807751342447,1.59114714425356,-126.186938591052,59.1749393156989,-1.14561688084352,-81.6688574967663,-51.1090253269182,1.27182776032489,8.55370533690234,-101.43597260599,-25.2724255597744,0.131497598530268,8.02653205850243,-79.2285161609013,-82.8879148631644,-63.5788672295688,25.4471527172904,3.69048429128711,-99.4688964755374,-29.7920717962878,-42.5032439153437,-127.621824384686,-81.0724016619381,-28.4647958469895,9.15698516103094,-132.339513330422,-72.4230495379228,-83.419113227785,8.01700717767871,7.58573696049865,-121.826205796322,-99.316792041468,-28.0060462619254,-40.1453076345172,9.02153274567733,7.67829069849361,2.13028256220467,-79.6306974528585
,,,,,,,,,,,,,,,,,,,,,,,,,,,,,,,,,,,,,,,,,,,,,,,,,,,,,,,,,,,,,,,,,,,,,,,
MAXIMUM OF DOUBLE DERIVATIVE,,,,,,,,,,,,,,,,,,,,,,,,,,,,,,,,,,,,,,,,,,,,,,,,,,,,,,,,,,,,,,,,,,,,,,,
THIS IS THE VALUE YOU USE FOR EACH SAMPLE,,,,,,,,,,,,,,,,,,,,,,,,,,,,,,,,,,,,,,,,,,,,,,,,,,,,,,,,,,,,,,,,,,,,,,,
MAX,4.0440188278413895E-5,0.000218973105670417,0.00047462339619261,0.00101798486322818,0.00152716735186434,0.0020679738106561,0.00258022415168701,0.000223719301394824,0.00187062398618633,0.000302364717762342,0.00027726985145891,0.000330904437494287,0.00014756211162788,0.000497656096893293,0.000742372888019211,0.000141987859503129,0.000439870440695052,0.000234116804529228,0.00116693071472144,0.000262451251231392,0.00157221915125732,0.000248263174922782,0.00015491200806327,0.000101365966924402,0.000644365612364905,0.000386472108349109,0.000247605053908656,0.000219529340658839,0.000362277768060423,0.000999008798207123,0.000191787799224562,0.000226690211761269,0.000205657363297803,0.000579648248773937,0.000117772202666641,0.00180591665701869,0.000958453527019427,0.000183671635431514,0.00118652097343556,0.000766698835886491,0.00015030334035877,0.000163360014175964,0.001456953206149,0.000713020571207861,0.00013047630199458,0.00017434488059617,0.00119870114996551,0.00120419998073121,0.000942087766174049,0.000453277040533082,0.000115744397687667,0.00134682716718161,0.000544359121110721,0.000671456937612973,0.00172429930721792,0.00120977555005191,0.000749313705960817,0.000186650541435361,0.0018178741226629,0.00124282389076067,0.00123102157199061,0.000168700828762211,0.000152364442584566,0.00160686045262458,0.00148589706352753,0.000528370980437202,0.000648179961167006,0.00024112038551602,0.000169634475797099,0.000100700613977579,0.0011757537760173
,,,,,,,,,,,,,,,,,,,,,,,,,,,,,,,,,,,,,,,,,,,,,,,,,,,,,,,,,,,,,,,,,,,,,,,
[Aliquot],16.813396092804631,76.3243685568057,161.541132064203,342.661621076061,512.389117288113,692.657936885368,863.408050562336,77.9064337982747,626.874662062111,104.121572587447,95.7566171529701,113.634812498096,52.5207038759599,169.218698964431,250.79096267307,50.6626198343763,149.956813565017,81.3722681764095,392.310238240478,90.8170837437973,527.406383752441,86.0877249742605,54.9706693544233,37.1219889748007,218.121870788302,132.157369449703,85.8683513028852,76.509780219613,124.092589353474,336.336266069041,67.2625997415208,78.8967372537563,71.8857877659345,196.549416257979,42.5907342222138,605.305552339565,322.817842339809,64.5572118105046,398.840324478519,258.899611962164,53.4344467862565,57.786671391988,488.984402049668,241.006857069287,46.8254339981933,61.4482935320568,402.900383321836,404.733326910403,317.362588724683,154.425680177694,41.9147992292223,452.275722393871,184.786373703574,227.152312537658,578.09976907264,406.591850017302,253.104568653606,65.5501804784535,609.291374220968,417.607963586891,413.673857330203,59.5669429207371,54.121480861522,538.953484208193,498.632354509175,179.456993479067,219.393320389002,83.7067951720066,59.878158599033,36.900204659193,395.251258672433
Dilution factor,1,1,1,1,1,1,1,1,1,1,1,1,1,1,1,1,1,1,1,1,2,1,1,1,1,1,1,1,1,1,1,1,1,1,1,1,1,1,1,1,1,1,1,1,1,1,1,1,1,1,1,1,1,1,2,1,1,1,1,1,1,1,1,2,2,1,1,1,1,1,1
[Sample],16.813396092804631,76.3243685568057,161.541132064203,342.661621076061,512.389117288113,692.657936885368,863.408050562336,77.9064337982747,626.874662062111,104.121572587447,95.7566171529701,113.634812498096,52.5207038759599,169.218698964431,250.79096267307,50.6626198343763,149.956813565017,81.3722681764095,392.310238240478,90.8170837437973,1054.81276750488,86.0877249742605,54.9706693544233,37.1219889748007,218.121870788302,132.157369449703,85.8683513028852,76.509780219613,124.092589353474,336.336266069041,67.2625997415208,78.8967372537563,71.8857877659345,196.549416257979,42.5907342222138,605.305552339565,322.817842339809,64.5572118105046,398.840324478519,258.899611962164,53.4344467862565,57.786671391988,488.984402049668,241.006857069287,46.8254339981933,61.4482935320568,402.900383321836,404.733326910403,317.362588724683,154.425680177694,41.9147992292223,452.275722393871,184.786373703574,227.152312537658,1156.19953814528,406.591850017302,253.104568653606,65.5501804784535,609.291374220968,417.607963586891,413.673857330203,59.5669429207371,54.121480861522,1077.90696841639,997.26470901835,179.456993479067,219.393320389002,83.7067951720066,59.878158599033,36.900204659193,395.251258672433
Slope:,3.0000000000000001E-6,,,,,,,,,,,,,,,,,,,,,,,,,,,,,,,,,,,,,,,,,,,,,,,,,,,,,,,,,,,,,,,,,,,,,,
Intercept:,-1.0000000000000001E-5,,,,,,,,,,,,,,,,,,,,,,,,,,,,,,,,,,,,,,,,,,,,,,,,,,,,,,,,,,,,,,,,,,,,,,
,,,,,,,,,,,,,,,,,,,,,,,,,,,,,,,,,,,,,,,,,,,,,,,,,,,,,,,,,,,,,,,,,,,,,,,
,,,,,,,,,,,,,,,,,,,,,,,,,,,,,,,,,,,,,,,,,,,,,,,,,,,,,,,,,,,,,,,,,,,,,,,
,,,,,,,,,,,,,,,,,,,,,,,,,,,,,,,,,,,,,,,,,,,,,,,,,,,,,,,,,,,,,,,,,,,,,,,
ESTIMATED DOUBLE DERIVATIVE AT EACH WAVELENGTH BASED ON POLYNOMIAL FIT,,,,,,,,,,,,,,,,,,,,,,,,,,,,,,,,,,,,,,,,,,,,,,,,,,,,,,,,,,,,,,,,,,,,,,,
Wavelength,,,,,,,,,,,,,,,,,,,,,,,,,,,,,,,,,,,,,,,,,,,,,,,,,,,,,,,,,,,,,,,,,,,,,,,
200,4.0440188278413895E-5,-0.000075975428087773,-0.000209281049545402,-0.000514811061610348,-0.000793485651083984,-0.00108167346924698,-0.00135372845747149,0.0000735411714707976,-0.00178377945234059,0.000302364717762342,0.00027726985145891,0.000330904437494287,0.0000741718528488758,-0.000333227103789181,-0.000677156779960926,0.0000902157558330961,-0.0000990409617373069,0.0000690093105602769,-0.000861966806576069,0.000262451251231392,-0.00175035084274926,0.0000274789323575271,0.000124763042170149,0.0000729567495914511,-0.00054847842047462,-0.000254528000647953,0.00000484396827756136,-0.0000146190813646972,-0.000159098164423993,-0.00098667458804067,0.0000280254411750298,0.000226690211761269,0.0000187443272672021,-0.000433883223812586,0.0000634877758152134,-0.0017682009346236,0.000958453527019427,0.0000314894181280928,-0.00115464886415343,-0.000711192921883267,0.0000700467341787703,0.000163360014175964,-0.00143356341860037,-0.000238168113527807,0.0000401190572668203,0.00017434488059617,-0.00109735245328083,-0.00117060059046894,-0.000886323851041144,0.000453277040533082,0.000101817499834919,-0.00142920106139794,-0.000386839990178565,-0.000586523837676657,-0.00185487317731761,-0.00113283539972877,-0.000292539314674243,0.000186650541435361,-0.00190516332950917,-0.000962695696779524,-0.00117340643417367,0.000168700828762211,0.000152364442584566,-0.00180408889522872,-0.00138949784836538,-0.000361272897813549,-0.000551654696239257,0.00024112038551602,0.000169634475797099,0.0000661754023248963,-0.00112011480971649
201,3.9113264447826826E-5,-0.0000700764574126092,-0.000195602960630642,-0.000484155143113578,-0.000747072591025017,-0.00101868052364892,-0.00127504940528832,0.0000765447340692781,-0.00171069138357005,0.000295267226527345,0.000271771373071297,0.000323331916594946,0.0000756396580244559,-0.000316609439775532,-0.000648766186601323,0.0000912511979064967,-0.0000882627336886597,0.000072311460439656,-0.000821388856150117,0.000258153662662553,-0.00168389944286913,0.0000318946172088321,0.000125366021488011,0.0000735249339381101,-0.00052462153981783,-0.000241707998468012,0.00000969918999018326,-0.0000099361129242265,-0.000148670645774304,-0.000946960920315714,0.0000313006883360205,0.000226562778437068,0.000022482587987814,-0.000413612594360855,0.000064573464352242,-0.00169671858279075,0.000931738316158942,0.0000345330624741613,-0.00110782546740165,-0.000681635086727871,0.0000716518663023702,0.0001606241945781,-0.00137575308610538,-0.000219144339833094,0.0000419262021613754,0.000172301040080246,-0.0010514313812159,-0.00112310457904494,-0.000849755618696841,0.000443704088685169,0.000102096037791974,-0.00137368049682635,-0.000368216007952779,-0.000561364222170864,-0.0017832897276269,-0.00108598318073316,-0.000271702254261542,0.000183916971306829,-0.00183070258046573,-0.000918585305028721,-0.00112531787405039,0.00016655849624336,0.000150187859489007,-0.00173586990827166,-0.00133198995012752,-0.000343480020248534,-0.000527658003091132,0.000240510180718006,0.000167767218876687,0.00006686590655795,-0.00107419743800181
202,3.7786340617239702E-5,-0.0000641774867374454,-0.000181924871715882,-0.000453499224616807,-0.000700659530966052,-0.000955687578050859,-0.00119637035310515,0.0000795482966677586,-0.00163760331479951,0.000288169735292347,0.000266272894683685,0.000315759395695605,0.000077107463200036,-0.000299991775761882,-0.00062037559324172,0.0000922866399798974,-0.0000774845056400126,0.000075613610319035,-0.000780810905724167,0.000253856074093714,-0.001617448042989,0.0000363103020601372,0.000125969000805874,0.0000740931182847692,-0.000500764659161039,-0.00022888799628807,0.0000145544117028052,-0.00000525314448375578,-0.000138243127124616,-0.000907247252590759,0.0000345759354970111,0.000226435345112866,0.0000262208487084261,-0.000393341964909125,0.0000656591528892706,-0.00162523623095791,0.000905023105298457,0.0000375767068202296,-0.00106100207064987,-0.000652077251572476,0.0000732569984259702,0.000157888374980236,-0.0013179427536104,-0.000200120566138381,0.0000437333470559307,0.000170257199564322,-0.00100551030915097,-0.00107560856762094,-0.000813187386352537,0.000434131136837257,0.000102374575749029,-0.00131815993225476,-0.000349592025726994,-0.000536204606665072,-0.00171170627793619,-0.00103913096173755,-0.000250865193848841,0.000181183401178297,-0.00175624183142229,-0.000874474913277917,-0.0010772293139271,0.000164416163724508,0.000148011276393448,-0.00166765092131459,-0.00127448205188966,-0.000325687142683519,-0.000503661309943007,0.000239899975919993,0.000165899961956274,0.0000675564107910036,-0.00102828006628713
203,3.6459416786652633E-5,-0.0000582785160622816,-0.000168246782801122,-0.000422843306120037,-0.000654246470907085,-0.000892694632452798,-0.00111769130092198,0.0000825518592662393,-0.00156451524602897,0.00028107224405735,0.000260774416296072,0.000308186874796264,0.0000785752683756161,-0.000283374111748233,-0.000591984999882117,0.000093322082053298,-0.0000667062775913654,0.000078915760198414,-0.000740232955298218,0.000249558485524876,-0.00155099664310887,0.0000407259869114422,0.000126571980123736,0.0000746613026314282,-0.000476907778504249,-0.000216067994108129,0.000019409633415427,-0.000000570176043285069,-0.000127815608474927,-0.000867533584865804,0.0000378511826580018,0.000226307911788665,0.0000299591094290382,-0.000373071335457395,0.0000667448414262991,-0.00155375387912506,0.000878307894437972,0.0000406203511662981,-0.00101417867389809,-0.000622519416417082,0.0000748621305495702,0.000155152555382373,-0.00126013242111541,-0.000181096792443668,0.0000455404919504858,0.000168213359048399,-0.000959589237086045,-0.00102811255619693,-0.000776619154008233,0.000424558184989344,0.000102653113706084,-0.00126263936768317,-0.000330968043501208,-0.000511044991159279,-0.00164012282824548,-0.000992278742741931,-0.00023002813343614,0.000178449831049766,-0.00168178108237884,-0.000830364521527112,-0.00102914075380382,0.000162273831205657,0.00014583469329789,-0.00159943193435752,-0.0012169741536518,-0.000307894265118504,-0.000479664616794881,0.00023928977112198,0.000164032705035862,0.0000682469150240573,-0.000982362694572457
204,3.5132492956065509E-5,-0.0000523795453871178,-0.000154568693886362,-0.000392187387623266,-0.000607833410848118,-0.000829701686854737,-0.00103901224873881,0.0000855554218647198,-0.00149142717725843,0.000273974752822353,0.000255275937908459,0.000300614353896922,0.0000800430735511962,-0.000266756447734583,-0.000563594406522515,0.0000943575241266987,-0.0000559280495427182,0.000082217910077793,-0.000699655004872268,0.000245260896956037,-0.00148454524322873,0.0000451416717627474,0.000127174959441599,0.0000752294869780872,-0.000453050897847459,-0.000203247991928188,0.000024264855128049,0.00000411279239718575,-0.000117388089825239,-0.000827819917140846,0.0000411264298189924,0.000226180478464463,0.0000336973701496502,-0.000352800706005664,0.0000678305299633277,-0.00148227152729222,0.000851592683577486,0.0000436639955123665,-0.000967355277146307,-0.000592961581261686,0.0000764672626731702,0.000152416735784509,-0.00120232208862042,-0.000162073018748954,0.000047347636845041,0.000166169518532475,-0.000913668165021118,-0.000980616544772928,-0.000740050921663929,0.000414985233141431,0.000102931651663139,-0.00120711880311158,-0.000312344061275422,-0.000485885375653487,-0.00156853937855477,-0.000945426523746318,-0.000209191073023439,0.000175716260921234,-0.0016073203333354,-0.000786254129776308,-0.00098105219368053,0.000160131498686805,0.000143658110202331,-0.00153121294740046,-0.00115946625541394,-0.000290101387553489,-0.000455667923646756,0.000238679566323967,0.00016216544811545,0.0000689374192571109,-0.000936445322857783
205,3.380556912547844E-5,-0.000046480574711954,-0.000140890604971601,-0.000361531469126495,-0.000561420350789151,-0.000766708741256676,-0.000960333196555637,0.0000885589844632003,-0.0014183391084879,0.000266877261587356,0.000249777459520847,0.000293041832997581,0.0000815108787267762,-0.000250138783720934,-0.000535203813162912,0.0000953929662000993,-0.0000451498214940711,0.000085520059957172,-0.000659077054446318,0.000240963308387198,-0.0014180938433486,0.0000495573566140525,0.000127777938759461,0.0000757976713247462,-0.000429194017190668,-0.000190427989748247,0.0000291200768406708,0.00000879576083765647,-0.000106960571175551,-0.000788106249415891,0.000044401676979983,0.000226053045140262,0.0000374356308702622,-0.000332530076553934,0.0000689162185003562,-0.00141078917545937,0.000824877472717002,0.0000467076398584349,-0.000920531880394527,-0.000563403746106291,0.0000780723947967702,0.000149680916186645,-0.00114451175612543,-0.00014304924505424,0.0000491547817395962,0.000164125678016551,-0.000867747092956192,-0.000933120533348927,-0.000703482689319625,0.000405412281293518,0.000103210189620194,-0.00115159823853998,-0.000293720079049637,-0.000460725760147694,-0.00149695592886406,-0.000898574304750705,-0.000188354012610737,0.000172982690792703,-0.00153285958429196,-0.000742143738025504,-0.000932963633557243,0.000157989166167953,0.000141481527106772,-0.00146299396044339,-0.00110195835717609,-0.000272308509988474,-0.000431671230498631,0.000238069361525954,0.000160298191195037,0.0000696279234901646,-0.000890527951143107
206,3.2478645294891316E-5,-0.0000405816040367902,-0.000127212516056841,-0.000330875550629725,-0.000515007290730184,-0.000703715795658613,-0.000881654144372468,0.0000915625470616808,-0.00134525103971736,0.000259779770352358,0.000244278981133234,0.00028546931209824,0.0000829786839023563,-0.000233521119707284,-0.000506813219803309,0.0000964284082735,-0.0000343715934454239,0.000088822209836551,-0.000618499104020367,0.000236665719818359,-0.00135164244346847,0.0000539730414653575,0.000128380918077323,0.0000763658556714052,-0.000405337136533877,-0.000177607987568306,0.0000339752985532928,0.0000134787292781272,-0.0000965330525258628,-0.000748392581690936,0.0000476769241409737,0.00022592561181606,0.0000411738915908742,-0.000312259447102203,0.0000700019070373848,-0.00133930682362652,0.000798162261856516,0.0000497512842045034,-0.000873708483642748,-0.000533845910950896,0.0000796775269203702,0.000146945096588781,-0.00108670142363045,-0.000124025471359527,0.0000509619266341514,0.000162081837500627,-0.000821826020891266,-0.000885624521924923,-0.000666914456975322,0.000395839329445605,0.000103488727577249,-0.00109607767396839,-0.000275096096823851,-0.000435566144641901,-0.00142537247917335,-0.000851722085755091,-0.000167516952198036,0.000170249120664171,-0.00145839883524852,-0.000698033346274701,-0.000884875073433959,0.000155846833649102,0.000139304944011213,-0.00139477497348633,-0.00104445045893823,-0.000254515632423459,-0.000407674537350505,0.00023745915672794,0.000158430934274625,0.0000703184277232182,-0.000844610579428431
207,3.1151721464304247E-5,-0.0000346826333616265,-0.000113534427142081,-0.000300219632132955,-0.000468594230671219,-0.000640722850060551,-0.000802975092189299,0.0000945661096601613,-0.00127216297094682,0.000252682279117361,0.000238780502745621,0.000277896791198898,0.0000844464890779364,-0.000216903455693635,-0.000478422626443707,0.0000974638503469007,-0.0000235933653967763,0.0000921243597159301,-0.000577921153594417,0.000232368131249521,-0.00128519104358834,0.0000583887263166627,0.000128983897395186,0.0000769340400180643,-0.000381480255877087,-0.000164787985388364,0.0000388305202659146,0.0000181616977185979,-0.0000861055338761746,-0.00070867891396598,0.0000509521713019644,0.000225798178491859,0.0000449121523114863,-0.000291988817650473,0.0000710875955744133,-0.00126782447179368,0.000771447050996032,0.0000527949285505717,-0.000826885086890968,-0.0005042880757955,0.0000812826590439702,0.000144209276990917,-0.00102889109113546,-0.000105001697664813,0.0000527690715287066,0.000160037996984703,-0.000775904948826338,-0.00083812851050092,-0.000630346224631017,0.000386266377597692,0.000103767265534304,-0.0010405571093968,-0.000256472114598065,-0.000410406529136109,-0.00135378902948264,-0.000804869866759478,-0.000146679891785335,0.00016751555053564,-0.00138393808620508,-0.000653922954523897,-0.000836786513310673,0.00015370450113025,0.000137128360915655,-0.00132655598652926,-0.000986942560700371,-0.000236722754858444,-0.000383677844202381,0.000236848951929927,0.000156563677354213,0.0000710089319562719,-0.000798693207713756
208,2.9824797633717177E-5,-0.0000287836626864625,-0.0000998563382273209,-0.000269563713636184,-0.000422181170612252,-0.00057772990446249,-0.00072429604000613,0.0000975696722586419,-0.00119907490217628,0.000245584787882363,0.000233282024358009,0.000270324270299557,0.0000859142942535165,-0.000200285791679985,-0.000450032033084104,0.0000984992924203013,-0.0000128151373481292,0.0000954265095953091,-0.000537343203168467,0.000228070542680682,-0.00121873964370821,0.0000628044111679677,0.000129586876713048,0.0000775022243647233,-0.000357623375220296,-0.000151967983208423,0.0000436857419785366,0.0000228446661590686,-0.0000756780152264859,-0.000668965246241023,0.0000542274184629551,0.000225670745167658,0.0000486504130320982,-0.000271718188198742,0.0000721732841114419,-0.00119634211996083,0.000744731840135547,0.0000558385728966402,-0.000780061690139189,-0.000474730240640106,0.0000828877911675702,0.000141473457393054,-0.000971080758640471,-0.0000859779239701002,0.0000545762164232618,0.000157994156468779,-0.000729983876761412,-0.000790632499076916,-0.000593777992286714,0.00037669342574978,0.000104045803491359,-0.000985036544825211,-0.000237848132372279,-0.000385246913630316,-0.00128220557979193,-0.000758017647763865,-0.000125842831372634,0.000164781980407108,-0.00130947733716164,-0.000609812562773093,-0.000788697953187386,0.000151562168611399,0.000134951777820096,-0.00125833699957219,-0.000929434662462513,-0.000218929877293429,-0.000359681151054255,0.000236238747131914,0.0001546964204338,0.0000716994361893255,-0.00075277583599908
209,2.8497873803130054E-5,-0.0000228846920112987,-0.0000861782493125603,-0.000238907795139414,-0.000375768110553286,-0.000514736958864427,-0.000645616987822957,0.000100573234857122,-0.00112598683340574,0.000238487296647366,0.000227783545970396,0.000262751749400216,0.0000873820994290965,-0.000183668127666336,-0.000421641439724501,0.000099534734493702,-0.00000203690929948203,0.0000987286594746882,-0.000496765252742518,0.000223772954111843,-0.00115228824382808,0.0000672200960192728,0.000130189856030911,0.0000780704087113823,-0.000333766494563506,-0.000139147981028482,0.0000485409636911584,0.0000275276345995394,-0.0000652504965767977,-0.000629251578516068,0.0000575026656239457,0.000225543311843456,0.0000523886737527103,-0.000251447558747012,0.0000732589726484705,-0.00112485976812799,0.000718016629275061,0.0000588822172427086,-0.000733238293387409,-0.000445172405484711,0.0000844929232911702,0.00013873763779519,-0.000913270426145482,-0.0000669541502753869,0.000056383361317817,0.000155950315952855,-0.000684062804696486,-0.000743136487652915,-0.00055720975994241,0.000367120473901867,0.000104324341448414,-0.00092951598025362,-0.000219224150146493,-0.000360087298124524,-0.00121062213010122,-0.000711165428768252,-0.000105005770959932,0.000162048410278577,-0.0012350165881182,-0.00056570217102229,-0.000740609393064102,0.000149419836092547,0.000132775194724537,-0.00119011801261513,-0.000871926764224654,-0.000201136999728414,-0.00033568445790613,0.000235628542333901,0.000152829163513388,0.0000723899404223792,-0.000706858464284404
210,2.7170949972542984E-5,-0.0000169857213361349,-0.0000725001603978002,-0.000208251876642643,-0.000329355050494319,-0.000451744013266366,-0.000566937935639788,0.000103576797455603,-0.0010528987646352,0.000231389805412369,0.000222285067582783,0.000255179228500874,0.0000888499046046766,-0.000167050463652686,-0.000393250846364899,0.000100570176567103,0.00000874131874916513,0.000102030809354067,-0.000456187302316568,0.000219475365543004,-0.00108583684394794,0.000071635780870578,0.000130792835348773,0.0000786385930580413,-0.000309909613906715,-0.000126327978848541,0.0000533961854037802,0.00003221060304001,-0.0000548229779271095,-0.000589537910791112,0.0000607779127849363,0.000225415878519255,0.0000561269344733223,-0.000231176929295282,0.000074344661185499,-0.00105337741629514,0.000691301418414577,0.000061925861588777,-0.00068641489663563,-0.000415614570329316,0.0000860980554147701,0.000136001818197326,-0.000855460093650496,-0.0000479303765806736,0.0000581905062123722,0.000153906475436931,-0.000638141732631558,-0.000695640476228911,-0.000520641527598106,0.000357547522053954,0.000104602879405469,-0.00087399541568203,-0.000200600167920708,-0.000334927682618731,-0.00113903868041051,-0.000664313209772636,-0.0000841687105472312,0.000159314840150045,-0.00116055583907475,-0.000521591779271484,-0.000692520832940816,0.000147277503573696,0.000130598611628978,-0.00112189902565806,-0.000814418865986797,-0.000183344122163399,-0.000311687764758005,0.000235018337535888,0.000150961906592975,0.0000730804446554328,-0.000660941092569728
211,2.5844026141955861E-5,-0.0000110867506609711,-0.00005882207148304,-0.000177595958145872,-0.000282941990435354,-0.000388751067668305,-0.000488258883456619,0.000106580360054083,-0.000979810695864666,0.000224292314177371,0.00021678658919517,0.000247606707601533,0.0000903177097802567,-0.000150432799639037,-0.000364860253005295,0.000101605618640503,0.0000195195467978123,0.000105332959233446,-0.000415609351890616,0.000215177776974165,-0.00101938544406781,0.000076051465721883,0.000131395814666636,0.0000792067774047004,-0.000286052733249925,-0.000113507976668599,0.0000582514071164022,0.0000368935714804809,-0.0000443954592774212,-0.000549824243066157,0.000064053159945927,0.000225288445195053,0.0000598651951939344,-0.000210906299843551,0.0000754303497225276,-0.000981895064462295,0.000664586207554091,0.0000649695059348455,-0.00063959149988385,-0.00038605673517392,0.0000877031875383701,0.000133265998599462,-0.000797649761155508,-0.0000289066028859603,0.0000599976511069273,0.000151862634921007,-0.000592220660566632,-0.000648144464804908,-0.000484073295253802,0.000347974570206041,0.000104881417362524,-0.000818474851110439,-0.000181976185694922,-0.000309768067112938,-0.0010674552307198,-0.000617460990777023,-0.0000633316501345302,0.000156581270021513,-0.00108609509003131,-0.000477481387520681,-0.000644432272817531,0.000145135171054844,0.00012842202853342,-0.001053680038701,-0.00075691096774894,-0.000165551244598384,-0.000287691071609879,0.000234408132737874,0.000149094649672563,0.0000737709488884865,-0.000615023720855052
212,2.4517102311368791E-5,-0.00000518777998580731,-0.0000451439825682799,-0.000146940039649102,-0.000236528930376387,-0.000325758122070242,-0.00040957983127345,0.000109583922652564,-0.000906722627094127,0.000217194822942374,0.000211288110807558,0.000240034186702192,0.0000917855149558368,-0.000133815135625387,-0.000336469659645693,0.000102641060713904,0.0000302977748464594,0.000108635109112825,-0.000375031401464667,0.000210880188405327,-0.00095293404418768,0.0000804671505731881,0.000131998793984498,0.0000797749617513594,-0.000262195852593135,-0.000100687974488658,0.000063106628829024,0.0000415765399209515,-0.000033967940627733,-0.0005101105753412,0.0000673284071069177,0.000225161011870852,0.0000636034559145464,-0.000190635670391821,0.0000765160382595561,-0.000910412712629449,0.000637870996693607,0.0000680131502809138,-0.000592768103132071,-0.000356498900018525,0.0000893083196619701,0.000130530179001599,-0.000739839428660521,-0.00000988282919124704,0.0000618047960014826,0.000149818794405083,-0.000546299588501706,-0.000600648453380905,-0.000447505062909498,0.000338401618358128,0.000105159955319579,-0.000762954286538848,-0.000163352203469137,-0.000284608451607145,-0.000995871781029086,-0.00057060877178141,-0.0000424945897218292,0.000153847699892982,-0.00101163434098787,-0.000433370995769877,-0.000596343712694245,0.000142992838535993,0.000126245445437861,-0.00098546105174393,-0.00069940306951108,-0.000147758367033369,-0.000263694378461754,0.000233797927939861,0.000147227392752151,0.0000744614531215401,-0.000569106349140376
213,2.3190178480781668E-5,0.000000711190689356477,-0.0000314658936535197,-0.000116284121152331,-0.00019011587031742,-0.00026276517647218,-0.00033090077909028,0.000112587485251045,-0.000833634558323589,0.000210097331707376,0.000205789632419945,0.00023246166580285,0.0000932533201314169,-0.000117197471611738,-0.000308079066286091,0.000103676502787305,0.0000410760028951066,0.000111937258992204,-0.000334453451038717,0.000206582599836488,-0.000886482644307549,0.0000848828354244931,0.00013260177330236,0.0000803431460980184,-0.000238338971936344,-0.0000878679723087168,0.000067961850541646,0.0000462595083614223,-0.0000235404219780444,-0.000470396907616244,0.0000706036542679083,0.000225033578546651,0.0000673417166351584,-0.00017036504094009,0.0000776017267965847,-0.000838930360796603,0.000611155785833121,0.0000710567946269823,-0.000545944706380291,-0.00032694106486313,0.0000909134517855701,0.000127794359403735,-0.000682029096165533,0.00000914094450346625,0.0000636119408960377,0.000147774953889159,-0.000500378516436778,-0.000553152441956903,-0.000410936830565195,0.000328828666510215,0.000105438493276634,-0.000707433721967257,-0.00014472822124335,-0.000259448836101353,-0.000924288331338374,-0.000523756552785797,-0.0000216575293091282,0.00015111412976445,-0.00093717359194443,-0.000389260604019073,-0.000548255152570959,0.000140850506017141,0.000124068862342302,-0.000917242064786864,-0.000641895171273223,-0.000129965489468354,-0.000239697685313628,0.000233187723141848,0.000145360135831738,0.0000751519573545938,-0.000523188977425702
214,2.1863254650194598E-5,0.00000661016136452026,-0.0000177878047387591,-0.0000856282026555598,-0.000143702810258453,-0.000199772230874119,-0.000252221726907108,0.000115591047849525,-0.000760546489553048,0.000202999840472379,0.000200291154032332,0.000224889144903509,0.0000947211253069969,-0.000100579807598088,-0.000279688472926487,0.000104711944860705,0.0000518542309437538,0.000115239408871583,-0.000293875500612767,0.000202285011267649,-0.000820031244427418,0.0000892985202757983,0.000133204752620223,0.0000809113304446774,-0.000214482091279554,-0.0000750479701287755,0.0000728170722542678,0.0000509424768018929,-0.0000131129033283561,-0.000430683239891289,0.000073878901428899,0.000224906145222449,0.0000710799773557705,-0.00015009441148836,0.0000786874153336132,-0.000767448008963757,0.000584440574972637,0.0000741004389730507,-0.00049912130962851,-0.000297383229707735,0.0000925185839091701,0.000125058539805871,-0.000624218763670546,0.0000281647181981795,0.0000654190857905929,0.000145731113373235,-0.000454457444371852,-0.000505656430532899,-0.000374368598220891,0.000319255714662302,0.000105717031233689,-0.000651913157395665,-0.000126104239017565,-0.00023428922059556,-0.000852704881647664,-0.000476904333790183,-0.000000820468896426362,0.000148380559635919,-0.000862712842900987,-0.00034515021226827,-0.000500166592447674,0.00013870817349829,0.000121892279246744,-0.000849023077829799,-0.000584387273035364,-0.000112172611903339,-0.000215700992165504,0.000232577518343835,0.000143492878911326,0.0000758424615876474,-0.000477271605711026
215,2.0536330819607529E-5,0.0000125091320396841,-0.000004109715823999,-0.0000549722841587897,-0.0000972897501994863,-0.000136779285276056,-0.000173542674723939,0.000118594610448006,-0.000687458420782511,0.000195902349237382,0.000194792675644719,0.000217316624004168,0.000096188930482577,-0.0000839621435844385,-0.000251297879566885,0.000105747386934106,0.0000626324589924009,0.000118541558750962,-0.000253297550186818,0.00019798742269881,-0.000753579844547285,0.0000937142051271033,0.000133807731938085,0.0000814795147913364,-0.000190625210622763,-0.0000622279679488341,0.0000776722939668898,0.0000556254452423637,-0.00000268538467866793,-0.000390969572166333,0.0000771541485898896,0.000224778711898248,0.0000748182380763824,-0.000129823782036629,0.0000797731038706418,-0.000695965657130912,0.000557725364112151,0.0000771440833191191,-0.000452297912876732,-0.00026782539455234,0.0000941237160327701,0.000122322720208007,-0.000566408431175558,0.0000471884918928928,0.0000672262306851481,0.000143687272857311,-0.000408536372306926,-0.000458160419108896,-0.000337800365876587,0.00030968276281439,0.000105995569190743,-0.000596392592824074,-0.000107480256791779,-0.000209129605089768,-0.000781121431956954,-0.00043005211479457,0.0000200165915162746,0.000145646989507387,-0.000788252093857546,-0.000301039820517466,-0.000452078032324388,0.000136565840979438,0.000119715696151185,-0.000780804090872733,-0.000526879374797507,-0.000094379734338324,-0.000191704299017379,0.000231967313545821,0.000141625621990914,0.0000765329658207011,-0.00043135423399635
216,1.9209406989020405E-5,0.0000184081027148478,0.00000956837309076114,-0.0000243163656620188,-0.0000508766901405212,-0.0000737863396779951,-0.0000948636225407695,0.000121598173046486,-0.000614370352011975,0.000188804858002385,0.000189294197257107,0.000209744103104827,0.0000976567356581571,-0.0000673444795707893,-0.000222907286207282,0.000106782829007507,0.0000734106870410481,0.000121843708630341,-0.000212719599760866,0.000193689834129972,-0.000687128444667154,0.0000981298899784084,0.000134410711255948,0.0000820476991379955,-0.000166768329965972,-0.0000494079657688933,0.0000825275156795116,0.0000603084136828343,0.00000774213397102029,-0.000351255904441376,0.0000804293957508802,0.000224651278574046,0.0000785564987969945,-0.000109553152584899,0.0000808587924076704,-0.000624483305298065,0.000531010153251666,0.0000801877276651876,-0.000405474516124951,-0.000238267559396945,0.0000957288481563701,0.000119586900610143,-0.000508598098680571,0.000066212265587607,0.0000690333755797033,0.000141643432341387,-0.000362615300241998,-0.000410664407684893,-0.000301232133532283,0.000300109810966477,0.000106274107147798,-0.000540872028252483,-0.0000888562745659932,-0.000183969989583976,-0.000709537982266242,-0.000383199895798957,0.0000408536519289756,0.000142913419378856,-0.000713791344814106,-0.000256929428766661,-0.000403989472201102,0.000134423508460586,0.000117539113055626,-0.000712585103915666,-0.000469371476559649,-0.000076586856773309,-0.000167707605869253,0.000231357108747808,0.000139758365070501,0.0000772234700537547,-0.000385436862281674
217,1.7882483158433336E-5,0.0000243070733900116,0.0000232464620055213,0.00000633955283475124,-0.00000446363008155433,-0.0000107933940799339,-0.0000161845703576004,0.000124601735644967,-0.000541282283241434,0.000181707366767387,0.000183795718869494,0.000202171582205485,0.0000991245408337372,-0.0000507268155571397,-0.000194516692847679,0.000107818271080907,0.0000841889150896952,0.00012514585850972,-0.000172141649334916,0.000189392245561133,-0.000620677044787023,0.000102545574829714,0.00013501369057381,0.0000826158834846545,-0.000142911449309182,-0.0000365879635889519,0.0000873827373921334,0.0000649913821233051,0.0000181696526207085,-0.000311542236716421,0.0000837046429118709,0.000224523845249845,0.0000822947595176065,-0.0000892825231331683,0.0000819444809446989,-0.00055300095346522,0.000504294942391181,0.0000832313720112559,-0.000358651119373173,-0.000208709724241549,0.00009733398027997,0.00011685108101228,-0.000450787766185583,0.0000852360392823203,0.0000708405204742585,0.000139599591825464,-0.000316694228177072,-0.000363168396260891,-0.000264663901187978,0.000290536859118564,0.000106552645104853,-0.000485351463680892,-0.0000702322923402075,-0.000158810374078182,-0.000637954532575532,-0.000336347676803342,0.0000616907123416766,0.000140179849250324,-0.000639330595770662,-0.000212819037015857,-0.000355900912077817,0.000132281175941735,0.000115362529960067,-0.0006443661169586,-0.00041186357832179,-0.000058793979208294,-0.000143710912721128,0.000230746903949795,0.000137891108150089,0.0000779139742868084,-0.000339519490566998
218,1.6555559327846212E-5,0.0000302060440651754,0.0000369245509202819,0.0000369954713315222,0.0000419494299774125,0.0000521995515181291,0.0000624944818255722,0.000127605298243447,-0.000468194214470898,0.00017460987553239,0.000178297240481881,0.000194599061306144,0.000100592346009317,-0.00003410915154349,-0.000166126099488077,0.000108853713154308,0.0000949671431383424,0.000128448008389099,-0.000131563698908967,0.000185094656992294,-0.00055422564490689,0.000106961259681019,0.000135616669891672,0.0000831840678313135,-0.000119054568652391,-0.0000237679614090106,0.0000922379591047554,0.000069674350563776,0.0000285971712703972,-0.000271828568991465,0.0000869798900728616,0.000224396411925643,0.0000860330202382186,-0.0000690118936814378,0.0000830301694817275,-0.000481518601632374,0.000477579731530696,0.0000862750163573244,-0.000311827722621392,-0.000179151889086154,0.00009893911240357,0.000114115261414416,-0.000392977433690597,0.000104259812977034,0.0000726476653688137,0.00013755575130954,-0.000270773156112146,-0.000315672384836888,-0.000228095668843674,0.000280963907270651,0.000106831183061908,-0.000429830899109302,-0.0000516083101144219,-0.00013365075857239,-0.000566371082884822,-0.000289495457807728,0.0000825277727543785,0.000137446279121792,-0.000564869846727222,-0.000168708645265053,-0.000307812351954531,0.000130138843422883,0.000113185946864509,-0.000576147130001535,-0.000354355680083933,-0.000041001101643279,-0.000119714219573002,0.000230136699151782,0.000136023851229677,0.000078604478519862,-0.000293602118852323
219,1.5228635497259143E-5,0.0000361050147403394,0.000050602639835042,0.0000676513898282931,0.0000883624900363794,0.00011519249711619,0.000141173534008741,0.000130608860841928,-0.000395106145700357,0.000167512384297392,0.000172798762094268,0.000187026540406803,0.000102060151184897,-0.0000174914875298408,-0.000137735506128474,0.000109889155227709,0.00010574537118699,0.000131750158268478,-0.0000909857484830169,0.000180797068423455,-0.000487774245026759,0.000111376944532324,0.000136219649209535,0.0000837522521779725,-0.0000951976879956006,-0.0000109479592290693,0.0000970931808173771,0.0000743573190042466,0.0000390246899200854,-0.00023211490126651,0.0000902551372338522,0.000224268978601442,0.0000897712809588305,-0.0000487412642297073,0.000084115858018756,-0.000410036249799527,0.000450864520670212,0.0000893186607033928,-0.000265004325869614,-0.000149594053930759,0.00010054424452717,0.000111379441816552,-0.000335167101195608,0.000123283586671747,0.0000744548102633689,0.000135511910793616,-0.000224852084047218,-0.000268176373412884,-0.000191527436499372,0.000271390955422739,0.000107109721018963,-0.000374310334537711,-0.0000329843278886362,-0.000108491143066597,-0.000494787633194112,-0.000242643238812115,0.000103364833167079,0.000134712708993261,-0.000490409097683782,-0.00012459825351425,-0.000259723791831246,0.000127996510904032,0.00011100936376895,-0.000507928143044468,-0.000296847781846075,-0.000023208224078264,-0.0000957175264248771,0.000229526494353769,0.000134156594309264,0.0000792949827529157,-0.000247684747137647
220,1.3901711666672019E-5,0.0000420039854155032,0.0000642807287498022,0.0000983073083250631,0.000134775550095346,0.000178185442714252,0.000219852586191911,0.000133612423440408,-0.00032201807692982,0.000160414893062395,0.000167300283706656,0.000179454019507461,0.000103527956360477,-0.000000873823516191197,-0.000109344912768871,0.000110924597301109,0.000116523599235637,0.000135052308147857,-0.0000504077980570672,0.000176499479854616,-0.000421322845146628,0.000115792629383629,0.000136822628527397,0.0000843204365246315,-0.00007134080733881,0.00000187204295087201,0.000101948402529999,0.0000790402874447174,0.0000494522085697736,-0.000192401233541554,0.0000935303843948429,0.000224141545277241,0.0000935095416794426,-0.0000284706347779768,0.0000852015465557846,-0.000338553897966682,0.000424149309809726,0.0000923623050494612,-0.000218180929117833,-0.000120036218775364,0.00010214937665077,0.000108643622218688,-0.00027735676870062,0.00014230736036646,0.000076261955157924,0.000133468070277692,-0.000178931011982292,-0.000220680361988881,-0.000154959204155068,0.000261818003574825,0.000107388258976018,-0.000318789769966119,-0.0000143603456628505,-0.0000833315275608048,-0.0004232041835034,-0.000195791019816502,0.00012420189357978,0.000131979138864729,-0.000415948348640338,-0.0000804878617634459,-0.00021163523170796,0.00012585417838518,0.000108832780673391,-0.000439709156087402,-0.000239339883608216,-0.00000541534651324858,-0.0000717208332767522,0.000228916289555755,0.000132289337388852,0.0000799854869859694,-0.000201767375422971
221,1.257478783608495E-5,0.000047902956090667,0.0000779588176645623,0.000128963226821834,0.000181188610154311,0.000241178388312313,0.00029853163837508,0.000136615986038889,-0.00024893000815928,0.000153317401827398,0.000161801805319043,0.00017188149860812,0.000104995761536057,0.0000157438404974584,-0.0000809543194092684,0.00011196003937451,0.000127301827284284,0.000138354458027237,-0.00000982984763111573,0.000172201891285778,-0.000354871445266495,0.000120208314234934,0.00013742560784526,0.0000848886208712906,-0.0000474839266820203,0.0000146920451308129,0.000106803624242621,0.000083723255885188,0.0000598797272194618,-0.000152687565816597,0.0000968056315558335,0.000224014111953039,0.0000972478024000547,-0.00000820000532624626,0.0000862872350928131,-0.000267071546133837,0.000397434098949241,0.0000954059493955297,-0.000171357532366053,-0.0000904783836199689,0.00010375450877437,0.000105907802620825,-0.000219546436205633,0.000161331134061173,0.0000780691000524793,0.000131424229761768,-0.000133009939917366,-0.000173184350564879,-0.000118390971810763,0.000252245051726913,0.000107666796933073,-0.000263269205394528,0.00000426363656293519,-0.0000581719120550123,-0.000351620733812688,-0.000148938800820888,0.000145038953992481,0.000129245568736198,-0.000341487599596898,-0.0000363774700126423,-0.000163546671584674,0.000123711845866329,0.000106656197577832,-0.000371490169130337,-0.000181831985370359,0.000012377531051766,-0.0000477241401286264,0.000228306084757742,0.000130422080468439,0.000080675991219023,-0.000155850003708295
222,1.124786400549788E-5,0.0000538019267658308,0.0000916369065793224,0.000159619145318605,0.000227601670213278,0.000304171333910376,0.000377210690558252,0.000139619548637369,-0.000175841939388743,0.0001462199105924,0.00015630332693143,0.000164308977708779,0.000106463566711638,0.0000323615045111077,-0.000052563726049666,0.000112995481447911,0.000138080055332931,0.000141656607906616,0.000030748102794834,0.000167904302716939,-0.000288420045386364,0.000124623999086239,0.000138028587163122,0.0000854568052179496,-0.0000236270460252297,0.0000275120473107542,0.000111658845955243,0.0000884062243256588,0.0000703072458691501,-0.000112973898091642,0.000100080878716824,0.000223886678628838,0.000100986063120667,0.0000120706241254842,0.0000873729236298417,-0.000195589194300991,0.000370718888088756,0.000098449593741598,-0.000124534135614274,-0.000060920548464574,0.00010535964089797,0.000103171983022961,-0.000161736103710645,0.000180354907755887,0.0000798762449470344,0.000129380389245844,-0.0000870888678524383,-0.000125688339140876,-0.0000818227394664591,0.000242672099879,0.000107945334890128,-0.000207748640822937,0.0000228876187887209,-0.0000330122965492199,-0.00028003728412198,-0.000102086581825275,0.000165876014405182,0.000126511998607666,-0.000267026850553458,0.0000077329217381631,-0.000115458111461389,0.000121569513347477,0.000104479614482274,-0.00030327118217327,-0.000124324087132499,0.0000301704086167814,-0.0000237274469805015,0.000227695879959729,0.000128554823548027,0.0000813664954520767,-0.000109932631993621
223,9.9209401749107565E-6,0.0000597008974409946,0.000105314995494083,0.000190275063815375,0.000274014730272245,0.000367164279508437,0.000455889742741421,0.00014262311123585,-0.000102753870618203,0.000139122419357403,0.000150804848543818,0.000156736456809437,0.000107931371887218,0.0000489791685247573,-0.0000241731326900627,0.000114030923521311,0.000148858283381578,0.000144958757785995,0.0000713260532207837,0.0001636067141481,-0.000221968645506233,0.000129039683937544,0.000138631566480985,0.0000860249895646086,0.000000229834631560941,0.0000403320494906955,0.000116514067667865,0.0000930891927661294,0.0000807347645188387,-0.0000732602303666861,0.000103356125877815,0.000223759245304636,0.000104724323841279,0.0000323412535772148,0.0000884586121668703,-0.000124106842468143,0.000344003677228271,0.000101493238087666,-0.0000777107388624937,-0.0000313627133091783,0.00010696477302157,0.000100436163425097,-0.000103925771215659,0.0001993786814506,0.0000816833898415897,0.00012733654872992,-0.0000411677957875122,-0.0000781923277168722,-0.0000452545071221566,0.000233099148031087,0.000108223872847183,-0.000152228076251346,0.0000415116010145065,-0.00000785268104342655,-0.000208453834431268,-0.0000552343628296599,0.000186713074817884,0.000123778428479135,-0.000192566101510014,0.0000518433134889668,-0.0000673695513381031,0.000119427180828626,0.000102303031386715,-0.000235052195216204,-0.000066816188894642,0.000047963286181796,0.000000269246167624269,0.000227085675161716,0.000126687566627615,0.0000820569996851303,-0.0000640152602789448
224,8.5940163443236871E-6,0.0000655998681161583,0.000118993084408843,0.000220930982312146,0.000320427790331212,0.000430157225106498,0.000534568794924591,0.00014562667383433,-0.0000296658018476663,0.000132024928122405,0.000145306370156205,0.000149163935910096,0.000109399177062798,0.0000655968325384069,0.00000421746066953978,0.000115066365594712,0.000159636511430225,0.000148260907665374,0.000111904003646733,0.000159309125579261,-0.0001555172456261,0.000133455368788849,0.000139234545798847,0.0000865931739112676,0.0000240867152883515,0.0000531520516706368,0.000121369289380487,0.0000977721612066003,0.0000911622831685269,-0.0000335465626417307,0.000106631373038806,0.000223631811980435,0.000108462584561891,0.0000526118830289453,0.0000895443007038988,-0.0000526244906352974,0.000317288466367786,0.000104536882433735,-0.000030887342110715,-0.00000180487815378341,0.00010856990514517,0.0000977003438272331,-0.0000461154387206703,0.000218402455145313,0.0000834905347361448,0.000125292708213996,0.00000475327627741384,-0.0000306963162928688,-0.00000868627477785232,0.000223526196183174,0.000108502410804238,-0.0000967075116797556,0.0000601355832402922,0.0000173069344623659,-0.000136870384740556,-0.00000838214383404659,0.000207550135230585,0.000121044858350603,-0.000118105352466574,0.0000959537052397704,-0.0000192809912148168,0.000117284848309774,0.000100126448291156,-0.000166833208259137,-0.00000930829065678464,0.0000657561637468114,0.0000242659393157492,0.000226475470363703,0.000124820309707202,0.000082747503918184,-0.0000180978885642689
225,7.2670925137365634E-6,0.0000714988387913221,0.000132671173323603,0.000251586900808917,0.000366840850390179,0.000493150170704561,0.00061324784710776,0.000148630236432811,0.0000434222669228705,0.000124927436887408,0.000139807891768592,0.000141591415010755,0.000110866982238378,0.0000822144965520561,0.0000326080540291422,0.000116101807668113,0.000170414739478873,0.000151563057544753,0.000152481954072683,0.000155011537010423,-0.0000890658457459691,0.000137871053640154,0.000139837525116709,0.0000871613582579266,0.0000479435959451421,0.0000659720538505782,0.000126224511093109,0.000102455129647071,0.000101589801818215,0.00000616710508322647,0.000109906620199796,0.000223504378656234,0.000112200845282503,0.0000728825124806758,0.0000906299892409274,0.0000188578611975479,0.000290573255507301,0.000107580526779803,0.0000159360546410654,0.0000277529570016115,0.00011017503726877,0.0000949645242293693,0.0000116948937743163,0.000237426228840027,0.0000852976796307,0.000123248867698072,0.0000506743483423416,0.0000167996951311328,0.0000278819575664519,0.000213953244335261,0.000108780948761293,-0.0000411869471081631,0.0000787595654660779,0.0000424665499681584,-0.0000652869350498478,0.0000384700751615667,0.000228387195643286,0.000118311288222072,-0.0000436446034231298,0.000140064096990574,0.0000288075689084677,0.000115142515790922,0.0000979498651955974,-0.0000986142213020725,0.0000481996075810745,0.000083549041311826,0.0000482626324638741,0.000225865265565689,0.00012295305278679,0.0000834380081512376,0.0000278194831504069
226,5.940168683149494E-6,0.0000773978094664859,0.000146349262238363,0.000282242819305687,0.000413253910449144,0.000556143116302622,0.000691926899290929,0.000151633799031291,0.000116510335693411,0.000117829945652411,0.000134309413380979,0.000134018894111413,0.000112334787413958,0.0000988321605657058,0.0000609986473887455,0.000117137249741513,0.00018119296752752,0.000154865207424132,0.000193059904498635,0.000150713948441584,-0.000022614445865838,0.000142286738491459,0.000140440504434572,0.0000877295426045857,0.0000718004766019327,0.0000787920560305195,0.00013107973280573,0.000107138098087542,0.000112017320467903,0.0000458807728081819,0.000113181867360787,0.000223376945332032,0.000115939106003115,0.0000931531419324063,0.0000917156777779559,0.0000903402130303932,0.000263858044646815,0.000110624171125872,0.000062759451392844,0.0000573107921570072,0.00011178016939237,0.0000922287046315056,0.0000695052262693046,0.000256450002534741,0.0000871048245252552,0.000121205027182148,0.0000965954204072677,0.0000642957065551363,0.0000644501899107562,0.000204380292487349,0.000109059486718348,0.0000143336174634277,0.0000973835476918636,0.0000676261654739508,0.00000629651464086403,0.00008532229415718,0.000249224256055987,0.00011557771809354,0.0000308161456203104,0.000184174488741378,0.0000768961290317539,0.000113000183272071,0.0000957732821000386,-0.000030395234345006,0.000105707505818932,0.000101341918876841,0.0000722593256119999,0.000225255060767676,0.000121085795866378,0.0000841285123842913,0.0000737368548650828
227,4.6132448525623704E-6,0.0000832967801416497,0.000160027351153124,0.000312898737802458,0.000459666970508111,0.000619136061900684,0.000770605951474102,0.000154637361629772,0.000189598404463948,0.000110732454417414,0.000128810934993367,0.000126446373212072,0.000113802592589538,0.000115449824579355,0.000089389240748348,0.000118172691814914,0.000191971195576167,0.000158167357303511,0.000233637854924584,0.000146416359872745,0.0000438369540142949,0.000146702423342764,0.000141043483752434,0.0000882977269512447,0.0000956573572587233,0.0000916120582104604,0.000135934954518352,0.000111821066528012,0.000122444839117592,0.0000855944405331374,0.000116457114521777,0.000223249512007831,0.000119677366723727,0.000113423771384136,0.0000928013663149845,0.000161822564863239,0.000237142833786331,0.00011366781547194,0.000109582848144624,0.000086868627312402,0.00011338530151597,0.0000894928850336418,0.000127315558764291,0.000275473776229454,0.0000889119694198104,0.000119161186666224,0.000142516492472194,0.00011179171797914,0.00010101842225506,0.000194807340639436,0.000109338024675403,0.0000698541820350184,0.000116007529917649,0.0000927857809797433,0.0000778799643315758,0.000132174513152793,0.000270061316468689,0.000112844147965009,0.000105276894663751,0.000228284880492181,0.000124984689155038,0.000110857850753219,0.0000935966990044799,0.0000378237526120605,0.000163215404056789,0.000119134796441856,0.0000962560187601248,0.000224644855969663,0.000119218538945965,0.0000848190166173449,0.000119654226579759
228,3.286321021975301E-6,0.0000891957508168135,0.000173705440067884,0.000343554656299229,0.000506080030567077,0.000682129007498747,0.000849285003657271,0.000157640924228252,0.000262686473234488,0.000103634963182416,0.000123312456605754,0.000118873852312731,0.000115270397765118,0.000132067488593005,0.00011777983410795,0.000119208133888315,0.000202749423624814,0.00016146950718289,0.000274215805350534,0.000142118771303906,0.000110288353894426,0.000151118108194069,0.000141646463070297,0.0000888659112979037,0.000119514237915514,0.000104432060390402,0.000140790176230974,0.000116504034968483,0.00013287235776728,0.000125308108258093,0.000119732361682768,0.000223122078683629,0.000123415627444339,0.000133694400835866,0.0000938870548520131,0.000233304916696084,0.000210427622925845,0.000116711459818009,0.000156406244896405,0.000116426462467797,0.00011499043363957,0.000086757065435778,0.000185125891259279,0.000294497549924167,0.0000907191143143656,0.0001171173461503,0.000188437564537122,0.000159287729403143,0.000137586654599363,0.000185234388791523,0.000109616562632458,0.000125374746606609,0.000134631512143435,0.000117945396485537,0.000149463414022288,0.000179026732148407,0.00029089837688139,0.000110110577836477,0.000179737643707194,0.000272395272242987,0.000173073249278325,0.000108715518234368,0.0000914201159089212,0.000106042739569125,0.000220723302294648,0.000136927674006871,0.000120252711908251,0.00022403465117165,0.000117351282025553,0.0000855095208503986,0.000165571598294435
229,1.9593971913881773E-6,0.0000950947214919773,0.000187383528982644,0.000374210574795999,0.000552493090626044,0.000745121953096808,0.00092796405584044,0.000160644486826733,0.000335774542005025,0.0000965374719474187,0.000117813978218141,0.000111301331413389,0.000116738202940698,0.000148685152606654,0.000146170427467554,0.000120243575961715,0.000213527651673462,0.000164771657062269,0.000314793755776484,0.000137821182735068,0.000176739753774557,0.000155533793045375,0.000142249442388159,0.0000894340956445627,0.000143371118572305,0.000117252062570343,0.000145645397943596,0.000121187003408954,0.000143299876416968,0.00016502177598305,0.000123007608843759,0.000222994645359428,0.000127153888164951,0.000153965030287597,0.0000949727433890416,0.000304787268528933,0.000183712412065361,0.000119755104164077,0.000203229641648183,0.000145984297623193,0.00011659556576317,0.0000840212458379143,0.000242936223754268,0.000313521323618881,0.0000925262592089208,0.000115073505634376,0.000234358636602048,0.000206783740827145,0.000174154886943667,0.00017566143694361,0.000109895100589513,0.0001808953111782,0.000153255494369221,0.000143105011991329,0.000221046863712996,0.00022587895114402,0.000311735437294091,0.000107377007707945,0.000254198392750635,0.00031650566399379,0.000221161809401611,0.000106573185715516,0.0000892435328133625,0.000174261726526192,0.000278231200532506,0.000154720551571886,0.000144249405056376,0.000223424446373636,0.000115484025105141,0.0000862000250834522,0.000211488970009111
230,6.3247336080110789E-7,0.000100993692167141,0.000201061617897404,0.00040486649329277,0.000598906150685009,0.000808114898694869,0.00100664310802361,0.000163648049425214,0.000408862610775565,0.0000894399807124214,0.000112315499830528,0.000103728810514048,0.000118206008116278,0.000165302816620304,0.000174561020827156,0.000121279018035116,0.000224305879722109,0.000168073806941648,0.000355371706202434,0.000133523594166229,0.00024319115365469,0.00015994947789668,0.000142852421706021,0.0000900022799912217,0.000167227999229094,0.000130072064750284,0.000150500619656218,0.000125869971849425,0.000153727395066657,0.000204735443708005,0.000126282856004749,0.000222867212035226,0.000130892148885563,0.000174235659739327,0.0000960584319260702,0.000376269620361778,0.000156997201204876,0.000122798748510145,0.000250053038399964,0.000175542132778588,0.00011820069788677,0.0000812854262400505,0.000300746556249254,0.000332545097313594,0.0000943334041034759,0.000113029665118452,0.000280279708666974,0.000254279752251148,0.000210723119287971,0.000166088485095697,0.000110173638546568,0.000236415875749791,0.000171879476595006,0.000168264627497122,0.000292630313403708,0.000272731170139635,0.000332572497706792,0.000104643437579414,0.000328659141794075,0.000360616055744594,0.000269250369524895,0.000104430853196665,0.0000870669497178037,0.000242480713483258,0.000335739098770365,0.000172513429136901,0.0001682460982045,0.000222814241575623,0.000113616768184728,0.0000868905293165059,0.000257406341723785
231,-6.9445046978596154E-7,0.000106892662842305,0.000214739706812165,0.00043552241178954,0.000645319210743976,0.000871107844292932,0.00108532216020678,0.000166651612023694,0.000481950679546102,0.0000823424894774241,0.000106817021442916,0.0000961562896147068,0.000119673813291858,0.000181920480633953,0.000202951614186759,0.000122314460108516,0.000235084107770756,0.000171375956821027,0.000395949656628385,0.00012922600559739,0.000309642553534821,0.000164365162747985,0.000143455401023884,0.0000905704643378808,0.000191084879885885,0.000142892066930226,0.00015535584136884,0.000130552940289895,0.000164154913716345,0.000244449111432961,0.00012955810316574,0.000222739778711025,0.000134630409606175,0.000194506289191058,0.0000971441204630987,0.000447751972194623,0.00013028199034439,0.000125842392856214,0.000296876435151743,0.000205099967933982,0.00011980583001037,0.0000785496066421867,0.000358556888744243,0.000351568871008307,0.0000961405489980312,0.000110985824602529,0.000326200780731901,0.000301775763675152,0.000247291351632276,0.000156515533247784,0.000110452176503623,0.000291936440321383,0.000190503458820792,0.000193424243002914,0.00036421376309442,0.000319583389135248,0.000353409558119493,0.000101909867450882,0.000403119890837519,0.000404726447495398,0.000317338929648182,0.000102288520677813,0.0000848903666222449,0.000310699700440325,0.000393246997008222,0.000190306306701916,0.000192242791352626,0.00022220403677761,0.000111749511264316,0.0000875810335495595,0.000303323713438461
232,-2.0213743003730852E-6,0.000112791633517469,0.000228417795726925,0.000466178330286311,0.000691732270802943,0.000934100789890993,0.00116400121238995,0.000169655174622175,0.000555038748316642,0.0000752449982424266,0.000101318543055303,0.0000885837687153654,0.000121141618467438,0.000198538144647603,0.000231342207546362,0.000123349902181917,0.000245862335819403,0.000174678106700406,0.000436527607054335,0.000124928417028551,0.000376093953414952,0.00016878084759929,0.000144058380341746,0.0000911386486845397,0.000214941760542675,0.000155712069110167,0.000160211063081462,0.000135235908730366,0.000174582432366033,0.000284162779157916,0.000132833350326731,0.000222612345386824,0.000138368670326787,0.000214776918642788,0.0000982298090001273,0.000519234324027468,0.000103566779483906,0.000128886037202282,0.000343699831903523,0.000234657803089378,0.00012141096213397,0.0000758137870443229,0.000416367221239229,0.00037059264470302,0.0000979476938925863,0.000108941984086605,0.000372121852796828,0.000349271775099155,0.000283859583976578,0.000146942581399872,0.000110730714460678,0.000347457004892974,0.000209127441046578,0.000218583858508706,0.000435797212785128,0.000366435608130862,0.000374246618532195,0.0000991762973223506,0.000477580639880959,0.000448836839246201,0.000365427489771468,0.000100146188158962,0.0000827137835266862,0.000378918687397391,0.00045075489524608,0.000208099184266931,0.000216239484500751,0.000221593831979597,0.000109882254343903,0.0000882715377826132,0.000349241085153136
233,-3.3482981309601546E-6,0.000118690604192633,0.000242095884641685,0.000496834248783082,0.00073814533086191,0.000997093735489054,0.00124268026457312,0.000172658737220655,0.000628126817087179,0.0000681475070074293,0.0000958200646676902,0.0000810112478160242,0.000122609423643018,0.000215155808661252,0.000259732800905964,0.000124385344255318,0.00025664056386805,0.000177980256579785,0.000477105557480284,0.000120630828459712,0.000442545353295085,0.000173196532450595,0.000144661359659609,0.0000917068330311988,0.000238798641199466,0.000168532071290108,0.000165066284794084,0.000139918877170837,0.000185009951015722,0.000323876446882873,0.000136108597487721,0.000222484912062622,0.000142106931047399,0.000235047548094519,0.0000993154975371558,0.000590716675860314,0.0000768515686234202,0.000131929681548351,0.000390523228655302,0.000264215638244773,0.00012301609425757,0.0000730779674464592,0.000474177553734218,0.000389616418397734,0.0000997548387871415,0.000106898143570681,0.000418042924861754,0.000396767786523157,0.000320427816320882,0.000137369629551959,0.000111009252417733,0.000402977569464565,0.000227751423272363,0.000243743474014499,0.00050738066247584,0.000413287827126475,0.000395083678944896,0.0000964427271938191,0.000552041388924399,0.000492947230997005,0.000413516049894752,0.00009800385564011,0.0000805372004311274,0.000447137674354454,0.000508262793483939,0.000225892061831946,0.000240236177648876,0.000220983627181584,0.000108014997423491,0.0000889620420156668,0.000395158456867812
234,-4.6752219615472782E-6,0.000124589574867796,0.000255773973556446,0.000527490167279852,0.000784558390920877,0.00106008668108712,0.00132135931675629,0.000175662299819136,0.000701214885857716,0.000061050015772432,0.0000903215862800774,0.0000734387269166828,0.000124077228818599,0.000231773472674902,0.000288123394265567,0.000125420786328718,0.000267418791916697,0.000181282406459164,0.000517683507906234,0.000116333239890874,0.000508996753175216,0.0001776122173019,0.000145264338977471,0.0000922750173778578,0.000262655521856257,0.000181352073470049,0.000169921506506706,0.000144601845611307,0.00019543746966541,0.000363590114607829,0.000139383844648712,0.000222357478738421,0.000145845191768011,0.000255318177546249,0.000100401186074184,0.000662199027693159,0.0000501363577629357,0.000134973325894419,0.000437346625407082,0.000293773473400168,0.00012462122638117,0.0000703421478485954,0.000531987886229204,0.000408640192092447,0.000101561983681697,0.000104854303054757,0.000463963996926681,0.00044426379794716,0.000356996048665187,0.000127796677704046,0.000111287790374788,0.000458498134036155,0.000246375405498149,0.000268903089520292,0.000578964112166552,0.000460140046122088,0.000415920739357597,0.0000937091570652875,0.000626502137967843,0.000537057622747809,0.000461604610018039,0.0000958615231212585,0.0000783606173355687,0.000515356661311521,0.000565770691721796,0.000243684939396961,0.000264232870797002,0.00022037342238357,0.000106147740503079,0.0000896525462487205,0.000441075828582488
235,-6.0021457921343477E-6,0.00013048854554296,0.000269452062471206,0.000558146085776623,0.000830971450979842,0.00112307962668518,0.00140003836893946,0.000178665862417616,0.000774302954628256,0.0000539525245374347,0.0000848231078924646,0.0000658662060173416,0.000125545033994179,0.000248391136688551,0.00031651398762517,0.000126456228402119,0.000278197019965344,0.000184584556338543,0.000558261458332184,0.000112035651322035,0.000575448153055347,0.000182027902153205,0.000145867318295334,0.0000928432017245168,0.000286512402513047,0.00019417207564999,0.000174776728219327,0.000149284814051778,0.000205864988315098,0.000403303782332784,0.000142659091809703,0.000222230045414219,0.000149583452488623,0.00027558880699798,0.000101486874611213,0.000733681379526008,0.0000234211469024503,0.000138016970240488,0.000484170022158862,0.000323331308555564,0.00012622635850477,0.0000676063282507316,0.000589798218724192,0.000427663965787161,0.000103369128576252,0.000102810462538833,0.000509885068991607,0.000491759809371164,0.000393564281009491,0.000118223725856133,0.000111566328331843,0.000514018698607746,0.000264999387723935,0.000294062705026085,0.00065054756185726,0.000506992265117702,0.000436757799770298,0.000090975586936756,0.000700962887011283,0.000581168014498614,0.000509693170141323,0.0000937191906024069,0.00007618403424001,0.000583575648268588,0.000623278589959655,0.000261477816961977,0.000288229563945127,0.000219763217585557,0.000104280483582666,0.0000903430504817741,0.000486993200297164
236,-7.3290696227214713E-6,0.000136387516218124,0.000283130151385966,0.000588802004273394,0.000877384511038809,0.00118607257228324,0.00147871742112263,0.000181669425016097,0.000847391023398793,0.0000468550333024371,0.0000793246295048519,0.0000582936851180002,0.000127012839169759,0.000265008800702201,0.000344904580984773,0.00012749167047552,0.000288975248013992,0.000187886706217922,0.000598839408758135,0.000107738062753196,0.000641899552935478,0.00018644358700451,0.000146470297613196,0.0000934113860711759,0.000310369283169838,0.000206992077829932,0.000179631949931949,0.000153967782492249,0.000216292506964786,0.00044301745005774,0.000145934338970693,0.000222102612090018,0.000153321713209235,0.00029585943644971,0.000102572563148241,0.000805163731358853,-0.00000329406395803509,0.000141060614586556,0.000530993418910641,0.000352889143710958,0.00012783149062837,0.0000648705086528677,0.000647608551219179,0.000446687739481875,0.000105176273470807,0.000100766622022909,0.000555806141056534,0.000539255820795167,0.000430132513353795,0.00010865077400822,0.000111844866288898,0.000569539263179337,0.00028362336994972,0.000319222320531877,0.000722131011547972,0.000553844484113315,0.000457594860183,0.0000882420168082244,0.000775423636054724,0.000625278406249418,0.000557781730264609,0.0000915768580835554,0.0000740074511444512,0.000651794635225654,0.000680786488197513,0.000279270694526991,0.000312226257093253,0.000219153012787544,0.000102413226662254,0.0000910335547148278,0.00053291057201184
237,-8.6559934533085407E-6,0.000142286486893288,0.000296808240300726,0.000619457922770164,0.000923797571097776,0.0012490655178813,0.0015573964733058,0.000184672987614577,0.000920479092169333,0.0000397575420674398,0.0000738261511172393,0.000050721164218659,0.000128480644345339,0.000281626464715851,0.000373295174344375,0.00012852711254892,0.000299753476062639,0.000191188856097301,0.000639417359184085,0.000103440474184357,0.000708350952815609,0.000190859271855815,0.000147073276931058,0.0000939795704178349,0.000334226163826628,0.000219812080009873,0.000184487171644571,0.00015865075093272,0.000226720025614475,0.000482731117782697,0.000149209586131684,0.000221975178765817,0.000157059973929847,0.000316130065901441,0.00010365825168527,0.000876646083191698,-0.0000300092748185196,0.000144104258932624,0.000577816815662421,0.000382446978866353,0.00012943662275197,0.000062134689055004,0.000705418883714167,0.000465711513176588,0.000106983418365362,0.000098722781506985,0.000601727213121461,0.000586751832219169,0.000466700745698098,0.0000990778221603072,0.000112123404245952,0.000625059827750929,0.000302247352175506,0.00034438193603767,0.000793714461238684,0.00060069670310893,0.000478431920595701,0.0000855084466796929,0.000849884385098167,0.000669388798000221,0.000605870290387896,0.0000894345255647039,0.0000718308680488925,0.000720013622182721,0.00073829438643537,0.000297063572092007,0.000336222950241378,0.000218542807989531,0.000100545969741842,0.0000917240589478814,0.000578827943726516
238,-9.9829172838956102E-6,0.000148185457568452,0.000310486329215486,0.000650113841266935,0.000970210631156742,0.00131205846347936,0.00163607552548897,0.000187676550213058,0.00099356716093987,0.0000326600508324425,0.0000683276727296265,0.0000431486433193175,0.000129948449520919,0.000298244128729499,0.000401685767703978,0.000129562554622321,0.000310531704111286,0.00019449100597668,0.000679995309610035,0.0000991428856155186,0.000774802352695744,0.00019527495670712,0.000147676256248921,0.0000945477547644939,0.000358083044483419,0.000232632082189814,0.000189342393357193,0.00016333371937319,0.000237147544264163,0.000522444785507652,0.000152484833292675,0.000221847745441615,0.000160798234650459,0.000336400695353171,0.000104743940222299,0.000948128435024544,-0.000056724485679005,0.000147147903278693,0.0006246402124142,0.000412004814021749,0.00013104175487557,0.0000593988694571402,0.000763229216209155,0.000484735286871301,0.000108790563259918,0.0000966789409910611,0.000647648285186387,0.000634247843643172,0.000503268978042402,0.0000895048703123944,0.000112401942203007,0.00068058039232252,0.000320871334401293,0.000369541551543462,0.000865297910929392,0.000647548922104543,0.000499268981008402,0.0000827748765511613,0.000924345134141608,0.000713499189751025,0.00065395885051118,0.0000872921930458523,0.0000696542849533338,0.000788232609139787,0.000795802284673229,0.000314856449657021,0.000360219643389502,0.000217932603191518,0.0000986787128214293,0.0000924145631809351,0.000624745315441192
239,-1.1309841114482734E-5,0.000154084428243615,0.000324164418130247,0.000680769759763705,0.00101662369121571,0.00137505140907743,0.00171475457767214,0.000190680112811538,0.00106665522971041,0.0000255625595974452,0.0000628291943420138,0.0000355761224199763,0.000131416254696499,0.000314861792743149,0.000430076361063581,0.000130597996695722,0.000321309932159933,0.000197793155856059,0.000720573260035985,0.0000948452970466799,0.000841253752575875,0.000199690641558425,0.000148279235566783,0.0000951159391111529,0.000381939925140209,0.000245452084369755,0.000194197615069815,0.000168016687813661,0.000247575062913852,0.000562158453232608,0.000155760080453665,0.000221720312117414,0.000164536495371071,0.000356671324804902,0.000105829628759327,0.00101961078685739,-0.0000834396965394895,0.000150191547624761,0.000671463609165981,0.000441562649177144,0.00013264688699917,0.0000566630498592764,0.000821039548704142,0.000503759060566014,0.000110597708154473,0.0000946351004751371,0.000693569357251313,0.000681743855067175,0.000539837210386706,0.0000799319184644817,0.000112680480160062,0.000736100956894111,0.000339495316627078,0.000394701167049255,0.000936881360620104,0.000694401141100157,0.000520106041421103,0.0000800413064226298,0.000998805883185048,0.000757609581501829,0.000702047410634467,0.0000851498605270008,0.0000674777018577751,0.000856451596096854,0.000853310182911087,0.000332649327222037,0.000384216336537628,0.000217322398393504,0.0000968114559010169,0.0000931050674139887,0.000670662687155866
240,-1.2636764945069803E-5,0.000159983398918779,0.000337842507045007,0.000711425678260475,0.00106303675127467,0.00143804435467549,0.00179343362985531,0.000193683675410019,0.00113974329848095,0.0000184650683624477,0.000057330715954401,0.0000280036015206349,0.000132884059872079,0.000331479456756799,0.000458466954423183,0.000131633438769122,0.00033208816020858,0.000201095305735438,0.000761151210461934,0.0000905477084778409,0.000907705152456006,0.000204106326409731,0.000148882214884646,0.0000956841234578119,0.000405796805796999,0.000258272086549697,0.000199052836782437,0.000172699656254132,0.00025800258156354,0.000601872120957563,0.000159035327614656,0.000221592878793212,0.000168274756091683,0.000376941954256633,0.000106915317296356,0.00109109313869023,-0.000110154907399975,0.00015323519197083,0.000718287005917759,0.000471120484332539,0.00013425201912277,0.0000539272302614126,0.00087884988119913,0.000522782834260728,0.000112404853049028,0.0000925912599592132,0.000739490429316241,0.000729239866491179,0.00057640544273101,0.0000703589666165689,0.000112959018117117,0.000791621521465702,0.000358119298852864,0.000419860782555048,0.00100846481031082,0.00074125336009577,0.000540943101833804,0.0000773077362940982,0.00107326663222849,0.000801719973252632,0.000750135970757753,0.0000830075280081492,0.0000653011187622162,0.000924670583053917,0.000910818081148944,0.000350442204787051,0.000408213029685753,0.000216712193595491,0.0000949441989806046,0.0000937955716470424,0.000716580058870542
241,-1.3963688775656927E-5,0.000165882369593943,0.000351520595959767,0.000742081596757246,0.00110944981133364,0.00150103730027355,0.00187211268203848,0.000196687238008499,0.00121283136725149,0.0000113675771274504,0.0000518322375667882,0.0000204310806212937,0.000134351865047659,0.000348097120770448,0.000486857547782786,0.000132668880842523,0.000342866388257227,0.000204397455614817,0.000801729160887886,0.0000862501199090022,0.000974156552336137,0.000208522011261036,0.000149485194202508,0.0000962523078044709,0.00042965368645379,0.000271092088729638,0.000203908058495059,0.000177382624694602,0.000268430100213228,0.00064158578868252,0.000162310574775647,0.000221465445469011,0.000172013016812295,0.000397212583708363,0.000108001005833384,0.00116257549052308,-0.00013687011826046,0.000156278836316898,0.000765110402669539,0.000500678319487934,0.00013585715124637,0.0000511914106635489,0.000936660213694117,0.000541806607955441,0.000114211997943583,0.0000905474194432892,0.000785411501381167,0.00077673587791518,0.000612973675075314,0.0000607860147686561,0.000113237556074172,0.000847142086037292,0.00037674328107865,0.00044502039806084,0.00108004826000152,0.000788105579091383,0.000561780162246506,0.0000745741661655667,0.00114772738127193,0.000845830365003438,0.000798224530881037,0.0000808651954892977,0.0000631245356666575,0.000992889570010983,0.000968325979386803,0.000368235082352067,0.000432209722833879,0.000216101988797478,0.0000930769420601922,0.000094486075880096,0.000762497430585218
242,-1.5290612606243996E-5,0.000171781340269107,0.000365198684874528,0.000772737515254017,0.00115586287139261,0.00156403024587161,0.00195079173422165,0.00019969080060698,0.00128591943602202,0.0000042700858924531,0.0000463337591791757,0.0000128585597219523,0.000135819670223239,0.000364714784784098,0.000515248141142389,0.000133704322915924,0.000353644616305875,0.000207699605494196,0.000842307111313835,0.0000819525313401634,0.00104060795221627,0.000212937696112341,0.00015008817352037,0.00009682049215113,0.000453510567110581,0.000283912090909579,0.000208763280207681,0.000182065593135073,0.000278857618862916,0.000681299456407476,0.000165585821936637,0.000221338012144809,0.000175751277532907,0.000417483213160094,0.000109086694370413,0.00123405784235593,-0.000163585329120945,0.000159322480662967,0.00081193379942132,0.000530236154643329,0.00013746228336997,0.0000484555910656851,0.000994470546189105,0.000560830381650154,0.000116019142838138,0.0000885035789273653,0.000831332573446093,0.000824231889339184,0.000649541907419617,0.0000512130629207433,0.000113516094031227,0.000902662650608885,0.000395367263304435,0.000470180013566633,0.00115163170969224,0.000834957798086997,0.000582617222659207,0.000071840596037035,0.00122218813031538,0.000889940756754241,0.000846313091004324,0.0000787228629704461,0.0000609479525710988,0.00106110855696805,0.00102583387762466,0.000386027959917081,0.000456206415982004,0.000215491783999465,0.0000912096851397799,0.0000951765801131497,0.000808414802299894
243,-1.661753643683112E-5,0.000177680310944271,0.000378876773789288,0.000803393433750787,0.00120227593145157,0.00162702319146967,0.00202947078640482,0.00020269436320546,0.00135900750479256,-0.00000282740534254442,0.0000408352807915629,0.0000052860388226111,0.000137287475398819,0.000381332448797748,0.000543638734501991,0.000134739764989324,0.000364422844354522,0.000211001755373575,0.000882885061739785,0.0000776549427713247,0.0011070593520964,0.000217353380963646,0.000150691152838233,0.000097388676497789,0.000477367447767371,0.00029673209308952,0.000213618501920302,0.000186748561575544,0.000289285137512604,0.000721013124132431,0.000168861069097628,0.000221210578820608,0.000179489538253519,0.000437753842611824,0.000110172382907441,0.00130554019418877,-0.00019030053998143,0.000162366125009035,0.000858757196173099,0.000559793989798724,0.00013906741549357,0.0000457197714678213,0.00105228087868409,0.000579854155344868,0.000117826287732693,0.0000864597384114414,0.000877253645511021,0.000871727900763187,0.000686110139763921,0.0000416401110728305,0.000113794631988282,0.000958183215180475,0.000413991245530221,0.000495339629072425,0.00122321515938295,0.000881810017082612,0.000603454283071908,0.0000691070259085035,0.00129664887935882,0.000934051148505045,0.000894401651127608,0.0000765805304515945,0.00005877136947554,0.00112932754392512,0.00108334177586252,0.000403820837482097,0.000480203109130129,0.000214881579201452,0.0000893424282193675,0.0000958670843462033,0.00085433217401457
244,-1.7944460267418189E-5,0.000183579281619434,0.000392554862704048,0.000834049352247558,0.00124868899151054,0.00169001613706773,0.00210814983858799,0.000205697925803941,0.0014320955735631,-0.00000992489657754172,0.0000353368024039501,-0.00000228648207673031,0.000138755280574399,0.000397950112811396,0.000572029327861595,0.000135775207062725,0.000375201072403169,0.000214303905252954,0.000923463012165735,0.0000733573542024859,0.00117351075197653,0.000221769065814951,0.000151294132156095,0.000097956860844448,0.000501224328424162,0.000309552095269461,0.000218473723632924,0.000191431530016015,0.000299712656162293,0.000760726791857387,0.000172136316258619,0.000221083145496407,0.000183227798974131,0.000458024472063554,0.00011125807144447,0.00137702254602162,-0.000217015750841915,0.000165409769355103,0.000905580592924879,0.00058935182495412,0.00014067254761717,0.0000429839518699576,0.00111009121117908,0.000598877929039581,0.000119633432627249,0.0000844158978955175,0.000923174717575947,0.000919223912187191,0.000722678372108225,0.0000320671592249177,0.000114073169945337,0.00101370377975207,0.000432615227756007,0.000520499244578218,0.00129479860907366,0.000928662236078225,0.000624291343484609,0.0000663734557799719,0.00137110962840226,0.000978161540255849,0.000942490211250894,0.0000744381979327429,0.0000565947863799813,0.00119754653088218,0.00114084967410038,0.000421613715047111,0.000504199802278255,0.000214271374403438,0.0000874751712989551,0.000096557588579257,0.000900249545729245
245,-1.9271384098005259E-5,0.000189478252294598,0.000406232951618808,0.000864705270744328,0.00129510205156951,0.0017530090826658,0.00218682889077116,0.000208701488402421,0.00150518364233364,-0.000017022387812539,0.0000298383240163373,-0.00000985900297607151,0.000140223085749979,0.000414567776825046,0.000600419921221197,0.000136810649136126,0.000385979300451817,0.000217606055132333,0.000964040962591685,0.0000690597656336472,0.00123996215185667,0.000226184750666256,0.000151897111473958,0.000098525045191107,0.000525081209080952,0.000322372097449403,0.000223328945345546,0.000196114498456486,0.000310140174811981,0.000800440459582344,0.000175411563419609,0.000220955712172205,0.000186966059694743,0.000478295101515284,0.000112343759981498,0.00144850489785446,-0.0002437309617024,0.000168453413701172,0.000952403989676658,0.000618909660109515,0.00014227767974077,0.0000402481322720938,0.00116790154367407,0.000617901702734295,0.000121440577521804,0.0000823720573795935,0.000969095789640873,0.000966719923611192,0.00075924660445253,0.000022494207377005,0.000114351707902392,0.00106922434432366,0.000451239209981792,0.000545658860084011,0.00136638205876437,0.000975514455073838,0.000645128403897311,0.0000636398856514404,0.0014455703774457,0.00102227193200665,0.000990578771374181,0.0000722958654138914,0.0000544182032844226,0.00126576551783925,0.00119835757233823,0.000439406592612127,0.00052819649542638,0.000213661169605425,0.0000856079143785427,0.0000972480928123106,0.000946166917443921
246,-2.0598307928592382E-5,0.000195377222969762,0.000419911040533569,0.000895361189241099,0.00134151511162847,0.00181600202826386,0.00226550794295433,0.000211705051000902,0.00157827171110418,-0.0000241198790475363,0.0000243398456287246,-0.0000174315238754129,0.000141690890925559,0.000431185440838696,0.0006288105145808,0.000137846091209526,0.000396757528500464,0.000220908205011712,0.00100461891301764,0.0000647621770648085,0.0013064135517368,0.000230600435517561,0.00015250009079182,0.000099093229537766,0.000548938089737743,0.000335192099629344,0.000228184167058168,0.000200797466896956,0.00032056769346167,0.000840154127307299,0.0001786868105806,0.000220828278848004,0.000190704320415355,0.000498565730967015,0.000113429448518527,0.00151998724968731,-0.000270446172562886,0.00017149705804724,0.000999227386428438,0.00064846749526491,0.00014388281186437,0.00003751231267423,0.00122571187616905,0.000636925476429008,0.000123247722416359,0.0000803282168636696,0.0010150168617058,0.0010142159350352,0.000795814836796832,0.0000129212555290917,0.000114630245859447,0.00112474490889525,0.000469863192207578,0.000570818475589804,0.00143796550845508,0.00102236667406945,0.000665965464310012,0.0000609063155229088,0.00152003112648914,0.00106638232375746,0.00103866733149746,0.0000701535328950398,0.0000522416201888638,0.00133398450479631,0.00125586547057609,0.000457199470177141,0.000552193188574505,0.000213050964807412,0.0000837406574581304,0.0000979385970453643,0.000992084289158597
247,-2.1925231759179452E-5,0.000201276193644926,0.000433589129448329,0.00092601710773787,0.00138792817168744,0.00187899497386192,0.0023441869951375,0.000214708613599383,0.00165135977987471,-0.0000312173702825339,0.000018841367241112,-0.0000250040447747541,0.00014315869610114,0.000447803104852345,0.000657201107940403,0.000138881533282927,0.000407535756549111,0.000224210354891091,0.00104519686344359,0.0000604645884959695,0.00137286495161693,0.000235016120368866,0.000153103070109683,0.0000996614138844251,0.000572794970394534,0.000348012101809285,0.00023303938877079,0.000205480435337427,0.000330995212111358,0.000879867795032255,0.000181962057741591,0.000220700845523802,0.000194442581135967,0.000518836360418745,0.000114515137055556,0.00159146960152016,-0.00029716138342337,0.000174540702393309,0.00104605078318022,0.000678025330420305,0.00014548794398797,0.0000347764930763662,0.00128352220866404,0.000655949250123722,0.000125054867310914,0.0000782843763477457,0.00106093793377073,0.0010617119464592,0.000832383069141136,0.00000334830368117897,0.000114908783816502,0.00118026547346684,0.000488487174433364,0.000595978091095596,0.00150954895814579,0.00106921889306506,0.000686802524722713,0.0000581727453943773,0.00159449187553258,0.00111049271550826,0.00108675589162075,0.0000680112003761883,0.0000500650370933051,0.00140220349175338,0.00131337336881395,0.000474992347742157,0.00057618988172263,0.000212440760009399,0.000081873400537718,0.000098629101278418,0.00103800166087327
248,-2.3252155589766575E-5,0.00020717516432009,0.000447267218363089,0.00095667302623464,0.00143434123174641,0.00194198791945998,0.00242286604732067,0.000217712176197863,0.00172444784864526,-0.0000383148615175312,0.0000133428888534992,-0.0000325765656740955,0.00014462650127672,0.000464420768865995,0.000685591701300005,0.000139916975356328,0.000418313984597758,0.00022751250477047,0.00108577481386954,0.0000561669999271308,0.00143931635149706,0.000239431805220171,0.000153706049427545,0.000100229598231084,0.000596651851051323,0.000360832103989226,0.000237894610483412,0.000210163403777898,0.000341422730761046,0.00091958146275721,0.000185237304902581,0.000220573412199601,0.000198180841856579,0.000539106989870476,0.000115600825592584,0.001662951953353,-0.000323876594283855,0.000177584346739377,0.001092874179932,0.0007075831655757,0.00014709307611157,0.0000320406734785025,0.00134133254115903,0.000674973023818435,0.000126862012205469,0.0000762405358318217,0.00110685900583565,0.0011092079578832,0.000868951301485441,-0.00000622464816673381,0.000115187321773557,0.00123578603803843,0.000507111156659149,0.000621137706601388,0.0015811324078365,0.00111607111206068,0.000707639585135414,0.0000554391752658457,0.00166895262457602,0.00115460310725907,0.00113484445174404,0.0000658688678573367,0.0000478884539977464,0.00147042247871045,0.00137088126705181,0.000492785225307171,0.000600186574870755,0.000211830555211385,0.0000800061436173056,0.0000993196055114716,0.00108391903258795
249,-2.4579079420353645E-5,0.000213074134995253,0.000460945307277849,0.000987328944731411,0.00148075429180537,0.00200498086505804,0.00250154509950384,0.000220715738796344,0.00179753591741579,-0.0000454123527525285,0.00000784441046588645,-0.0000401490865734367,0.0001460943064523,0.000481038432879645,0.000713982294659608,0.000140952417429728,0.000429092212646405,0.000230814654649849,0.00112635276429549,0.000051869411358292,0.00150576775137719,0.000243847490071476,0.000154309028745407,0.000100797782577743,0.000620508731708114,0.000373652106169168,0.000242749832196034,0.000214846372218368,0.000351850249410735,0.000959295130482167,0.000188512552063572,0.0002204459788754,0.000201919102577191,0.000559377619322206,0.000116686514129613,0.00173443430518585,-0.00035059180514434,0.000180627991085445,0.00113969757668378,0.000737141000731095,0.00014869820823517,0.0000293048538806387,0.00139914287365402,0.000693996797513148,0.000128669157100025,0.0000741966953158979,0.00115278007790058,0.0011567039693072,0.000905519533829745,-0.0000157976000146466,0.000115465859730612,0.00129130660261002,0.000525735138884935,0.000646297322107181,0.00165271585752721,0.00116292333105629,0.000728476645548115,0.0000527056051373142,0.00174341337361946,0.00119871349900987,0.00118293301186732,0.0000637265353384852,0.0000457118709021876,0.00153864146566751,0.00142838916528967,0.000510578102872187,0.000624183268018881,0.000211220350413372,0.0000781388866968933,0.000100010109744525,0.00112983640430262
250,-2.5906003250940769E-5,0.000218973105670417,0.00047462339619261,0.00101798486322818,0.00152716735186434,0.0020679738106561,0.00258022415168701,0.000223719301394824,0.00187062398618633,-0.0000525098439875258,0.00000234593207827367,-0.0000477216074727782,0.00014756211162788,0.000497656096893293,0.000742372888019211,0.000141987859503129,0.000439870440695052,0.000234116804529228,0.00116693071472144,0.0000475718227894533,0.00157221915125732,0.000248263174922782,0.00015491200806327,0.000101365966924402,0.000644365612364905,0.000386472108349109,0.000247605053908656,0.000219529340658839,0.000362277768060423,0.000999008798207123,0.000191787799224562,0.000220318545551198,0.000205657363297803,0.000579648248773937,0.000117772202666641,0.00180591665701869,-0.000377307016004825,0.000183671635431514,0.00118652097343556,0.000766698835886491,0.00015030334035877,0.0000265690342827748,0.001456953206149,0.000713020571207861,0.00013047630199458,0.0000721528547999739,0.00119870114996551,0.00120419998073121,0.000942087766174049,-0.0000253705518625594,0.000115744397687667,0.00134682716718161,0.000544359121110721,0.000671456937612973,0.00172429930721792,0.00120977555005191,0.000749313705960817,0.0000499720350087826,0.0018178741226629,0.00124282389076067,0.00123102157199061,0.0000615842028196336,0.0000435352878066288,0.00160686045262458,0.00148589706352753,0.000528370980437202,0.000648179961167006,0.000210610145615359,0.0000762716297764809,0.000100700613977579,0.0011757537760173
