Run Number:,3,...3,Date:,20201112,...6,Initials:,RN,...9,...10,...11,...12,...13,...14,...15,...16,...17,...18,...19,...20,...21,...22,...23,...24,...25,...26,...27,...28,...29,...30,...31,...32,...33,...34,...35,...36,...37,...38,...39,...40,...41,...42,...43,...44,...45,...46,...47,...48,...49,...50,...51,...52,...53,...54,...55,...56,...57,...58,...59,...60,...61,...62,...63,...64,...65,...66,...67,...68,...69,...70,...71,...72
ENTER SCAN DATA HERE,Sample Name,,,,,,,,,,,,,,,,,,,,,,,,,,,,,,,,,,,,,,,,,,,,,,,,,,,,,,,,,,,,,,,,,,,,,,
Wavelength,0,200,400,600,800,1000,2000,179,95,99,180,181,86,87,88,92,83,104,84,182,91,97,90,94,96,89,98,93,100,103,85,101,102,77,80,74,76,78,82,79,73,81,193,159,192,174,167,150,187,146,151,189,164,191,166,178,190,165,194,169,186,175,173,176,172,188,161,168,153,162,142
200,1.413,1.64,1.748,1.861,1.985,2.103,2.456,1.754,2.235,1.866,1.967,1.703,1.958,1.91,1.961,1.799,1.773,2.398,1.964,1.994,1.756,1.844,1.748,1.887,1.773,1.978,1.798,1.787,1.913,2.133,1.757,2.032,1.917,1.899,2.065,2.126,1.826,2.156,2.042,1.892,1.923,2.026,1.868,1.77,1.967,2.03,1.807,2.085,1.797,2.391,1.783,1.74,2.341,1.889,1.994,1.881,1.931,1.874,1.967,2.525,2.017,1.807,1.78,1.997,1.875,2.011,2.058,2.001,1.849,1.934,1.766
205,1.2230000000000001,1.444,1.556,1.668,1.801,1.927,2.342,1.566,2.059,1.674,1.778,1.516,1.769,1.721,1.774,1.603,1.58,2.245,1.771,1.801,1.56,1.66,1.552,1.695,1.579,1.784,1.595,1.593,1.722,1.956,1.564,1.852,1.726,1.703,1.87,1.944,1.635,1.984,1.86,1.698,1.727,1.846,1.672,1.575,1.783,1.847,1.617,1.903,1.598,2.237,1.58,1.554,2.169,1.7,1.813,1.692,1.738,1.677,1.778,2.402,1.836,1.623,1.586,1.808,1.677,1.819,1.878,1.815,1.657,1.746,1.571
210,1.0369999999999999,1.229,1.328,1.426,1.546,1.663,2.081,1.337,1.794,1.443,1.543,1.293,1.524,1.478,1.526,1.37,1.35,1.976,1.526,1.55,1.331,1.428,1.324,1.458,1.349,1.53,1.357,1.359,1.477,1.701,1.335,1.619,1.479,1.455,1.612,1.677,1.399,1.719,1.606,1.455,1.475,1.596,1.427,1.342,1.534,1.596,1.384,1.643,1.36,1.963,1.344,1.327,1.913,1.457,1.57,1.453,1.488,1.433,1.541,2.139,1.581,1.389,1.353,1.552,1.429,1.565,1.622,1.568,1.42,1.5,1.341
215,0.76800000000000002,0.908,0.981,1.053,1.144,1.231,1.563,0.989,1.354,1.09,1.181,0.955,1.142,1.098,1.138,1.015,1.001,1.506,1.147,1.163,0.984,1.071,0.977,1.093,0.998,1.138,1.004,1.007,1.1,1.292,0.986,1.254,1.1,1.079,1.216,1.255,1.039,1.287,1.201,1.082,1.091,1.203,1.057,0.991,1.141,1.201,1.028,1.232,1.005,1.494,0.994,0.983,1.495,1.082,1.189,1.086,1.105,1.065,1.175,1.648,1.176,1.028,1.001,1.155,1.057,1.174,1.211,1.18,1.056,1.117,0.994
220,0.5,0.586,0.633,0.68,0.737,0.792,1.007,0.643,0.905,0.736,0.816,0.617,0.758,0.717,0.746,0.66,0.65,1.018,0.766,0.774,0.638,0.713,0.632,0.726,0.647,0.744,0.655,0.655,0.722,0.876,0.639,0.886,0.719,0.704,0.82,0.83,0.677,0.847,0.791,0.706,0.707,0.808,0.689,0.641,0.747,0.801,0.67,0.817,0.651,1.012,0.646,0.637,1.067,0.705,0.804,0.717,0.724,0.697,0.807,1.129,0.767,0.666,0.648,0.755,0.686,0.782,0.794,0.788,0.689,0.729,0.646
225,0.26700000000000002,0.308,0.332,0.359,0.387,0.414,0.528,0.341,0.518,0.43,0.502,0.324,0.425,0.388,0.407,0.352,0.347,0.595,0.436,0.44,0.34,0.403,0.333,0.409,0.343,0.405,0.353,0.352,0.396,0.517,0.338,0.567,0.391,0.38,0.478,0.465,0.365,0.468,0.438,0.382,0.376,0.466,0.372,0.338,0.406,0.454,0.361,0.46,0.346,0.595,0.347,0.338,0.693,0.379,0.473,0.398,0.395,0.38,0.488,0.678,0.414,0.353,0.343,0.41,0.367,0.44,0.435,0.45,0.373,0.396,0.346
238,4.8000000000000001E-2,0.047,0.049,0.054,0.056,0.055,0.068,0.057,0.135,0.126,0.191,0.048,0.102,0.073,0.082,0.061,0.059,0.173,0.113,0.118,0.056,0.1,0.05,0.1,0.055,0.079,0.064,0.062,0.081,0.158,0.053,0.242,0.076,0.069,0.143,0.108,0.066,0.099,0.097,0.071,0.06,0.127,0.068,0.051,0.078,0.116,0.066,0.11,0.056,0.177,0.06,0.055,0.307,0.068,0.143,0.088,0.076,0.074,0.163,0.221,0.076,0.057,0.054,0.078,0.061,0.112,0.087,0.117,0.069,0.075,0.06
250,2.4E-2,0.021,0.02,0.022,0.023,0.021,0.023,0.027,0.081,0.079,0.15,0.02,0.059,0.037,0.044,0.031,0.028,0.109,0.068,0.083,0.026,0.059,0.022,0.058,0.025,0.041,0.031,0.029,0.043,0.103,0.024,0.189,0.04,0.034,0.1,0.064,0.032,0.054,0.057,0.035,0.026,0.078,0.033,0.021,0.04,0.07,0.033,0.065,0.025,0.114,0.027,0.025,0.234,0.033,0.093,0.049,0.039,0.038,0.107,0.147,0.038,0.026,0.024,0.04,0.028,0.066,0.045,0.069,0.035,0.038,0.028
,,,,,,,,,,,,,,,,,,,,,,,,,,,,,,,,,,,,,,,,,,,,,,,,,,,,,,,,,,,,,,,,,,,,,,,
COEFFICIENTS OF 3RD-ORDER POLYNOMIAL (c3*x^3)+(c2*x^2)+c1*x)+b,,,,,,,,,,,,,,,,,,,,,,,,,,,,,,,,,,,,,,,,,,,,,,,,,,,,,,,,,,,,,,,,,,,,,,,
c3,1.4688044692439911E-5,0.0000195780128145689,0.0000223809022540145,0.0000246800778610557,0.0000286371818896337,0.0000326250918418519,0.0000497170915607008,0.0000225210753384913,0.0000335161289206072,0.0000227852156091568,0.0000242155007307674,0.0000217384409860007,0.0000260857018408578,0.0000258265251069989,0.0000270417386674282,0.0000229259255272454,0.000022584404438628,0.0000392014738400372,0.0000254917991445701,0.0000262374347519086,0.0000218803137454493,0.000023783920936473,0.0000219795436287631,0.0000241350041888997,0.0000226371258545315,0.0000265883214527131,0.0000215959302488724,0.0000224235074776048,0.0000252629510176336,0.0000299381227437963,0.0000223268900602591,0.0000251485970734599,0.0000255147373681652,0.0000246406475975338,0.0000267509272147494,0.0000303802902277905,0.0000237135295859786,0.0000327762977033855,0.0000291299934084455,0.0000249173861153378,0.0000254958843522187,0.0000276631677829292,0.0000238137186648516,0.0000223433740313352,0.0000274778888486443,0.0000280498411366808,0.0000234346255480181,0.0000294588151991378,0.0000223027080771794,0.0000382875736609965,0.000021383392875521,0.00002248431003481,0.0000316910133901325,0.0000253797653364542,0.0000264530966864033,0.0000245776052363963,0.0000254658211763463,0.0000238163461841239,0.0000244096658598938,0.0000446780334968431,0.0000290845525156605,0.0000242349607731692,0.0000227021275540828,0.0000275788957160765,0.0000239920862477707,0.0000265044165559471,0.0000299606738601751,0.0000269330187813289,0.0000242384652205828,0.0000264530628661742,0.0000220728197097918
c2,-9.2606062102868654E-3,-0.0124596615742434,-0.014310093234587,-0.0158170120774197,-0.0184414753951026,-0.0210915915458164,-0.0325646911187928,-0.0144081185455734,-0.0217067140567662,-0.0145963835913188,-0.015541266455849,-0.0138968128494112,-0.0167671982751677,-0.0165883456032934,-0.0173956829554786,-0.014661896743544,-0.0144449362474574,-0.0255263295622215,-0.0163705329590726,-0.0168448620042584,-0.0139714516759016,-0.0152622862428421,-0.0140376964877884,-0.0154780113924377,-0.0144768606427343,-0.0170739161667658,-0.013762371592758,-0.0143307835607699,-0.0162115273116164,-0.0193447056318609,-0.0142716627842533,-0.0161918390248519,-0.0163735253892347,-0.0157833690079654,-0.0171824347958482,-0.019597392829212,-0.0151917375146942,-0.0212095910534428,-0.0187826723260038,-0.0159798088407639,-0.0163437492373198,-0.0178278215957681,-0.0152358848716645,-0.0142750842760902,-0.017686298717617,-0.0180766951112898,-0.0150111525966523,-0.0189980131472399,-0.0142354200948061,-0.0249063374521656,-0.0136238494440592,-0.0143904953919837,-0.0205418823783789,-0.0162916899461537,-0.0170332342336606,-0.0157712165705921,-0.0163349946261452,-0.0152418569263483,-0.0156843383452828,-0.0292330167580607,-0.0187490110227726,-0.0155453384041626,-0.014515804251053,-0.0177376208534259,-0.0153469534364918,-0.0170286951998027,-0.0193369902419974,-0.0173371264533091,-0.015539290466395,-0.0170049274331933,-0.0141023336208436
c1,1.8994151101135663,2.58856893575498,2.99157604043451,3.31678712066928,3.89179945860667,4.47372960853077,7.02288278702742,3.01431610671026,4.61320981363222,3.05756052333271,3.26401540841206,2.90448125985124,3.52879507430406,3.48835809670504,3.66543981077019,3.06596493312737,3.02087934501825,5.46223866643553,3.44094045507137,3.54035182359305,2.91549300775074,3.20492486571331,2.9302549037004,3.2475842542541,3.02714529516943,3.58938650838574,2.86402513638495,2.99377304378337,3.40479824621295,4.09848457659127,2.98241650462855,3.41393905881001,3.43915290590588,3.30713351818986,3.61285370577782,4.14408497227657,3.18373753488904,4.5033599492244,3.96972209441034,3.3535027747446,3.42822341736416,3.76448577090925,3.18748102593293,2.98111606795517,3.72948525442786,3.81727891312444,3.14541577638513,4.01575907167589,2.96900157432362,5.3228343783071,2.83432925078855,3.01223661610811,4.36835017313465,3.42333980090789,3.59242713633655,3.3119554263381,3.42896621512362,3.18975927365111,3.2979229054272,6.29322466012415,3.96161730538622,3.26358224801057,3.0345885210851,3.73657064586613,3.21001861435961,3.5816710961915,4.09191219395223,3.65536929199857,3.25968285808044,3.57980318276535,2.94487001771712
b,-125.5262090073532,-174.277705529658,-203.171002966675,-226.211705373564,-267.761123075668,-309.92129682452,-497.189005652725,-204.912547632273,-320.208249426199,-208.032336103078,-222.86708394492,-197.189590480155,-241.752014397577,-238.793529718553,-251.585120331055,-208.285072778454,-205.240802304197,-382.540825157194,-235.29179296296,-242.133763100796,-197.488090639779,-218.878399989434,-198.592757600198,-221.546615018227,-205.638728520863,-245.600643440617,-193.240099438803,-203.08366246241,-232.643357600282,-283.22728887428,-202.435214417719,-234.227451679991,-235.043998472814,-225.272970964767,-247.166791128994,-285.781284343275,-216.917795630857,-312.283548257759,-273.583037472395,-228.910786824303,-233.891875706849,-259.013467733574,-216.65839249317,-202.156665512608,-256.251432470298,-262.706512108024,-214.265327431424,-276.762994146133,-200.967475173438,-372.155041453312,-191.157044795635,-204.92179085058,-303.127300679885,-234.103711572273,-246.739222287342,-226.238427970513,-234.142265557531,-216.890997167619,-225.478722519313,-444.149057061131,-272.969552821306,-222.931758767613,-206.082065634523,-256.393153999857,-218.1429076161,-245.162025424479,-282.476404777213,-251.003731123463,-222.38087811713,-245.406643822213,-199.657963751285
,,,,,,,,,,,,,,,,,,,,,,,,,,,,,,,,,,,,,,,,,,,,,,,,,,,,,,,,,,,,,,,,,,,,,,,
MAXIMUM OF DOUBLE DERIVATIVE,,,,,,,,,,,,,,,,,,,,,,,,,,,,,,,,,,,,,,,,,,,,,,,,,,,,,,,,,,,,,,,,,,,,,,,
THIS IS THE VALUE YOU USE FOR EACH SAMPLE,,,,,,,,,,,,,,,,,,,,,,,,,,,,,,,,,,,,,,,,,,,,,,,,,,,,,,,,,,,,,,,,,,,,,,,
MAX,3.5108546180861351E-3,0.00444769607336663,0.0049511669118477,0.00538609263674402,0.00607282204424538,0.00675445467114518,0.00944625510346544,0.00496537591659024,0.00686076526737845,0.00498505623109767,0.00524071818445315,0.00481403578017869,0.00559415621095127,0.00556309645391153,0.00577124209018515,0.00506509480378,0.00498673416302718,0.00774955163561271,0.00549663279870982,0.00566642811934602,0.00487756726637084,0.00515130891902522,0.00489392246756775,0.00524648349847417,0.00500196749632852,0.00573464984553804,0.00486915218779268,0.0049736940948674,0.00547137190321761,0.00621777285197273,0.00494700952188211,0.00533921756048599,0.00552505527377825,0.00539423338036998,0.00576152123042775,0.00637564968326173,0.00518681934957938,0.00674526444819262,0.00612964546066072,0.00541646149147904,0.00555632805368844,0.00583910848285757,0.00524880825394846,0.00496489249482231,0.00584423583773247,0.00592137148244176,0.00512963312872265,0.00619219650422677,0.00498322192615691,0.00761868558716355,0.00482739042516317,0.00494547426824757,0.00645275532844093,0.00548626811237404,0.00561317656228363,0.00532397471341034,0.00552874251222904,0.00524080542348921,0.00524582209927504,0.00855101672914319,0.0061288067279455,0.00526176435142859,0.00502158282901823,0.00589310186726288,0.00529422249867251,0.00569923443431523,0.00626703030626797,0.00572527526537509,0.00527911689808416,0.00566973943287473,0.00490456232300056
,,,,,,,,,,,,,,,,,,,,,,,,,,,,,,,,,,,,,,,,,,,,,,,,,,,,,,,,,,,,,,,,,,,,,,,
[Aliquot],-63.048460637955017,249.232024455542,417.055637282567,562.030878914674,790.940681415126,1018.15155704839,1915.41836782181,421.791972196745,1053.58842245948,428.352077032558,513.572728151051,371.345260059562,631.385403650424,621.032151303843,690.414030061718,455.03160126,428.911387675727,1349.85054520424,598.877599569941,655.476039782007,392.522422123613,483.769639675072,397.974155855917,515.49449949139,433.989165442841,678.216615179346,389.717395930893,424.564698289134,590.457301072536,839.257617324244,415.669840627369,546.40585349533,608.351757926084,564.744460123328,687.173743475917,891.88322775391,495.606449859793,1015.08814939754,809.88182022024,572.153830493012,618.776017896145,713.036160952523,516.26941798282,421.630831607437,714.745279244157,740.457160813921,476.544376240883,830.732168075589,427.740642052305,1306.22852905452,375.796808387723,415.158089415855,917.585109480311,595.422704124679,637.725520761209,541.324904470113,609.58083740968,513.601807829737,515.274033091679,1617.00557638106,809.602242648499,520.588117142864,440.527609672743,731.033955754295,531.407499557502,666.411478105076,855.67676875599,675.091755125031,526.372299361387,656.579810958243,401.52077433352
Dilution factor,1,1,1,1,1,1,1,1,1,1,1,1,1,1,1,1,1,1,1,1,1,1,1,1,1,1,1,1,1,1,1,1,1,1,1,1,1,1,1,1,1,1,1,1,1,1,1,1,1,1,1,1,1,1,1,1,1,1,1,1,1,1,1,1,1,1,1,1,1,1,1
[Sample],-63.048460637955017,249.232024455542,417.055637282567,562.030878914674,790.940681415126,1018.15155704839,1915.41836782181,421.791972196745,1053.58842245948,428.352077032558,513.572728151051,371.345260059562,631.385403650424,621.032151303843,690.414030061718,455.03160126,428.911387675727,1349.85054520424,598.877599569941,655.476039782007,392.522422123613,483.769639675072,397.974155855917,515.49449949139,433.989165442841,678.216615179346,389.717395930893,424.564698289134,590.457301072536,839.257617324244,415.669840627369,546.40585349533,608.351757926084,564.744460123328,687.173743475917,891.88322775391,495.606449859793,1015.08814939754,809.88182022024,572.153830493012,618.776017896145,713.036160952523,516.26941798282,421.630831607437,714.745279244157,740.457160813921,476.544376240883,830.732168075589,427.740642052305,1306.22852905452,375.796808387723,415.158089415855,917.585109480311,595.422704124679,637.725520761209,541.324904470113,609.58083740968,513.601807829737,515.274033091679,1617.00557638106,809.602242648499,520.588117142864,440.527609672743,731.033955754295,531.407499557502,666.411478105076,855.67676875599,675.091755125031,526.372299361387,656.579810958243,401.52077433352
Slope:,3.0000000000000001E-6,,,,,,,,,,,,,,,,,,,,,,,,,,,,,,,,,,,,,,,,,,,,,,,,,,,,,,,,,,,,,,,,,,,,,,
Intercept:,3.7000000000000002E-3,,,,,,,,,,,,,,,,,,,,,,,,,,,,,,,,,,,,,,,,,,,,,,,,,,,,,,,,,,,,,,,,,,,,,,
,,,,,,,,,,,,,,,,,,,,,,,,,,,,,,,,,,,,,,,,,,,,,,,,,,,,,,,,,,,,,,,,,,,,,,,
,,,,,,,,,,,,,,,,,,,,,,,,,,,,,,,,,,,,,,,,,,,,,,,,,,,,,,,,,,,,,,,,,,,,,,,
,,,,,,,,,,,,,,,,,,,,,,,,,,,,,,,,,,,,,,,,,,,,,,,,,,,,,,,,,,,,,,,,,,,,,,,
ESTIMATED DOUBLE DERIVATIVE AT EACH WAVELENGTH BASED ON POLYNOMIAL FIT,,,,,,,,,,,,,,,,,,,,,,,,,,,,,,,,,,,,,,,,,,,,,,,,,,,,,,,,,,,,,,,,,,,,,,,
Wavelength,,,,,,,,,,,,,,,,,,,,,,,,,,,,,,,,,,,,,,,,,,,,,,,,,,,,,,,,,,,,,,,,,,,,,,,
200,-8.9555878964583599E-4,-0.00142570777100405,-0.00176310376435664,-0.00201793072157268,-0.00251833252264475,-0.00303307288141039,-0.00546887236474478,-0.00179094668495716,-0.00319407340880371,-0.00185050845164937,-0.00202393203477706,-0.00170749651562153,-0.00223155434130608,-0.00218486107818814,-0.00234127951004331,-0.00181268285439361,-0.00178858716856121,-0.00401089051639844,-0.00215090694466119,-0.00220480230622655,-0.00168652685726397,-0.00198386736191668,-0.00169994062106118,-0.00199401775819572,-0.00178917026003092,-0.0022418465902759,-0.00160962688686904,-0.00175335814841405,-0.00210751340207247,-0.00276366397116615,-0.00175105749619563,-0.00220536156155197,-0.0021293659366713,-0.00199796089889016,-0.00226375693399708,-0.00273843738507542,-0.00192723952621419,-0.00308762486282303,-0.00260935256187293,-0.00205875434312231,-0.00209243725197718,-0.0024598418520212,-0.00189530734550702,-0.00173811971457824,-0.00239913081686081,-0.00249358085856249,-0.00190075453568279,-0.00264544805551457,-0.00170759049699692,-0.00386758651113541,-0.00158762743749313,-0.00179981874219543,-0.00305454868859882,-0.00212766148856224,-0.00232275244363735,-0.00204930685750855,-0.00211100384067485,-0.00190409843174794,-0.0020770776586931,-0.00485239331990972,-0.00259655902675264,-0.00200872388052218,-0.00178905543720662,-0.00238056684756005,-0.00190340337565871,-0.00225209053246891,-0.00272117185178458,-0.00235463036902357,-0.00199242266809068,-0.00226617942697753,-0.00171728358993697
201,-8.0743052149119879E-4,-0.00130823969411663,-0.00162881835083256,-0.00186985025440634,-0.00234650943130695,-0.00283732233035928,-0.00517056981538058,-0.00165582023292622,-0.00299297663528007,-0.00171379715799443,-0.00187863903039246,-0.00157706586970553,-0.00207504013026093,-0.00202990192754614,-0.00217902907803874,-0.00167512730123014,-0.00165308074192945,-0.00377568167335822,-0.00199795614979377,-0.0020473776977151,-0.00155524497479127,-0.00184116383629784,-0.0015680633592886,-0.00184920773306232,-0.00165334750490373,-0.00208231666155963,-0.00148005130537581,-0.00161881710354842,-0.00195593569596667,-0.00258403523470338,-0.00161709615583408,-0.00205446997911121,-0.0019762775124623,-0.00185011701330495,-0.00210325137070858,-0.00255615564370867,-0.00178495834869832,-0.00289096707660272,-0.00243457260142226,-0.00190925002643029,-0.00193946194586387,-0.00229386284532362,-0.00175242503351792,-0.00160405947039023,-0.00223426348376894,-0.0023252818117424,-0.00176014678239469,-0.00246869516431974,-0.00157377424853384,-0.00363786106916943,-0.00145932708024001,-0.00166491288198657,-0.00286440260825803,-0.00197538289654351,-0.00216403386351893,-0.00190184122609017,-0.00195820891361678,-0.0017612003546432,-0.00193061966353374,-0.00458432511892867,-0.00242205171165868,-0.00186331411588316,-0.00165284267188212,-0.00221509347326359,-0.00175945085817208,-0.00209306403313323,-0.00254140780862352,-0.0021930322563356,-0.00184699187676719,-0.00210746104978048,-0.00158484667167822
202,-7.1930225333655812E-4,-0.00119077161722922,-0.00149453293730847,-0.00172176978724001,-0.00217468633996914,-0.00264157177930818,-0.00487226726601637,-0.00152069378089527,-0.00279187986175643,-0.00157708586433949,-0.00173334602600785,-0.00144663522378952,-0.00191852591921578,-0.00187494277690415,-0.00201677864603417,-0.00153757174806667,-0.00151757431529768,-0.00354047283031799,-0.00184500535492635,-0.00188995308920365,-0.00142396309231857,-0.00169846031067901,-0.00143618609751602,-0.00170439770792893,-0.00151752474977654,-0.00192278673284335,-0.00135047572388257,-0.00148427605868279,-0.00180435798986087,-0.0024044064982406,-0.00148313481547252,-0.00190357839667045,-0.00182318908825331,-0.00170227312771975,-0.00194274580742009,-0.00237387390234194,-0.00164267717118245,-0.0026943092903824,-0.00225979264097159,-0.00175974570973826,-0.00178648663975056,-0.00212788383862605,-0.00160954272152881,-0.00146999922620222,-0.00206939615067708,-0.00215698276492232,-0.00161953902910658,-0.00229194227312491,-0.00143995800007076,-0.00340813562720345,-0.00133102672298688,-0.00153000702177771,-0.00267425652791723,-0.00182310430452479,-0.00200531528340051,-0.00175437559467179,-0.0018054139865587,-0.00161830227753846,-0.00178416166837438,-0.0043162569179476,-0.00224754439656472,-0.00171790435124415,-0.00151662990655763,-0.00204962009896714,-0.00161549834068546,-0.00193403753379755,-0.00236164376546247,-0.00203143414364762,-0.00170156108544369,-0.00194874267258344,-0.00145240975341947
203,-6.3117398518191745E-4,-0.0010733035403418,-0.00136024752378438,-0.00157368932007368,-0.00200286324863134,-0.00244582122825706,-0.00457396471665217,-0.00138556732886432,-0.00259078308823278,-0.00144037457068455,-0.00158805302162325,-0.00131620457787352,-0.00176201170817063,-0.00171998362626215,-0.0018545282140296,-0.0014000161949032,-0.00138206788866591,-0.00330526398727777,-0.00169205456005893,-0.0017325284806922,-0.00129268120984588,-0.00155575678506017,-0.00130430883574344,-0.00155958768279553,-0.00138170199464935,-0.00176325680412707,-0.00122090014238934,-0.00134973501381716,-0.00165278028375507,-0.00222477776177783,-0.00134917347511097,-0.00175268681422969,-0.00167010066404432,-0.00155442924213455,-0.00178224024413159,-0.00219159216097519,-0.00150039599366657,-0.00249765150416209,-0.00208501268052091,-0.00161024139304623,-0.00163351133363725,-0.00196190483192847,-0.0014666604095397,-0.00133593898201421,-0.00190452881758521,-0.00198868371810224,-0.00147893127581847,-0.00211518938193009,-0.00130614175160769,-0.00317841018523747,-0.00120272636573376,-0.00139510116156885,-0.00248411044757644,-0.00167082571250606,-0.00184659670328209,-0.00160690996325342,-0.00165261905950062,-0.00147540420043371,-0.00163770367321501,-0.00404818871696654,-0.00207303708147075,-0.00157249458660513,-0.00138041714123313,-0.00188414672467067,-0.00147154582319884,-0.00177501103446186,-0.00218187972230142,-0.00186983603095964,-0.00155613029412019,-0.00179002429538639,-0.00131997283516072
204,-5.4304571702728024E-4,-0.000955835463454392,-0.00122596211026029,-0.00142560885290734,-0.00183104015729353,-0.00225007067720595,-0.00427566216728796,-0.00125044087683337,-0.00238968631470914,-0.00130366327702961,-0.00144276001723864,-0.00118577393195752,-0.00160549749712549,-0.00156502447562017,-0.00169227778202503,-0.00126246064173973,-0.00124656146203414,-0.00307005514423755,-0.00153910376519151,-0.00157510387218075,-0.00116139932737318,-0.00141305325944133,-0.00117243157397087,-0.00141477765766213,-0.00124587923952216,-0.00160372687541079,-0.00109132456089611,-0.00121519396895154,-0.00150120257764927,-0.00204514902531504,-0.00121521213474941,-0.00160179523178893,-0.00151701223983533,-0.00140658535654934,-0.00162173468084309,-0.00200931041960845,-0.0013581148161507,-0.00230099371794178,-0.00191023272007024,-0.0014607370763542,-0.00148053602752394,-0.0017959258252309,-0.00132377809755059,-0.0012018787378262,-0.00173966148449335,-0.00182038467128215,-0.00133832352253036,-0.00193843649073526,-0.00117232550314461,-0.00294868474327149,-0.00107442600848063,-0.00126019530135999,-0.00229396436723564,-0.00151854712048734,-0.00168787812316367,-0.00145944433183504,-0.00149982413244254,-0.00133250612332897,-0.00149124567805565,-0.00378012051598549,-0.00189852976637678,-0.00142708482196612,-0.00124420437590863,-0.00171867335037421,-0.00132759330571221,-0.00161598453512618,-0.00200211567914037,-0.00170823791827168,-0.00141069950279669,-0.00163130591818934,-0.00118753591690197
205,-4.5491744887263957E-4,-0.000838367386566979,-0.00109167669673621,-0.00127752838574101,-0.00165921706595573,-0.00205432012615484,-0.00397735961792375,-0.00111531442480242,-0.0021885895411855,-0.00116695198337467,-0.00129746701285404,-0.00105534328604151,-0.00144898328608034,-0.00141006532497817,-0.00153002735002047,-0.00112490508857625,-0.00111105503540237,-0.00283484630119733,-0.00138615297032409,-0.00141767926366929,-0.00103011744490049,-0.00127034973382249,-0.00104055431219829,-0.00126996763252873,-0.00111005648439497,-0.00144419694669451,-0.00096174897940287,-0.00108065292408591,-0.00134962487154347,-0.00186552028885226,-0.00108125079438786,-0.00145090364934817,-0.00136392381562634,-0.00125874147096414,-0.00146122911755459,-0.0018270286782417,-0.00121583363863483,-0.00210433593172146,-0.00173545275961957,-0.00131123275966218,-0.00132756072141062,-0.00162994681853332,-0.00118089578556148,-0.00106781849363818,-0.00157479415140148,-0.00165208562446206,-0.00119771576924225,-0.00176168359954043,-0.00103850925468154,-0.00271895930130552,-0.000946125651227505,-0.00112528944115113,-0.00210381828689485,-0.00136626852846861,-0.00152915954304525,-0.00131197870041666,-0.00134702920538447,-0.00118960804622423,-0.00134478768289629,-0.00351205231500443,-0.00172402245128282,-0.0012816750573271,-0.00110799161058413,-0.00155319997607776,-0.00118364078822559,-0.0014569580357905,-0.00182235163597932,-0.0015466398055837,-0.0012652687114732,-0.0014725875409923,-0.00105509899864322
206,-3.667891807179989E-4,-0.000720899309679564,-0.000957391283212122,-0.00112944791857467,-0.00148739397461793,-0.00185856957510373,-0.00367905706855955,-0.000980187972771475,-0.00198749276766185,-0.00103024068971972,-0.00115217400846944,-0.000924912640125508,-0.0012924690750352,-0.00125510617433618,-0.00136777691801589,-0.000987349535412782,-0.000975548608770607,-0.0025996374581571,-0.00123320217545667,-0.00126025465515784,-0.000898835562427789,-0.00112764620820365,-0.000908677050425709,-0.00112515760739534,-0.000974233729267783,-0.00128466701797823,-0.000832173397909634,-0.000946111879220276,-0.00119804716543766,-0.00168589155238949,-0.000947289454026303,-0.00130001206690741,-0.00121083539141735,-0.00111089758537894,-0.0013007235542661,-0.00164474693687496,-0.00107355246111896,-0.00190767814550115,-0.0015606727991689,-0.00116172844297015,-0.00117458541529731,-0.00146396781183575,-0.00103801347357237,-0.000933758249450172,-0.00140992681830961,-0.00148378657764198,-0.00105710801595414,-0.0015849307083456,-0.000904693006218458,-0.00248923385933953,-0.000817825293974377,-0.000990383580942271,-0.00191367220655405,-0.00121398993644989,-0.00137044096292684,-0.00116451306899829,-0.00119423427832639,-0.00104670996911948,-0.00119832968773692,-0.00324398411402337,-0.00154951513618886,-0.00113626529268809,-0.000971778845259636,-0.0013877266017813,-0.00103968827073896,-0.00129793153645481,-0.00164258759281827,-0.00138504169289573,-0.0011198379201497,-0.00131386916379526,-0.000922662080384468
207,-2.786609125633617E-4,-0.000603431232792152,-0.000823105869688035,-0.000981367451408338,-0.00131557088328012,-0.00166281902405262,-0.00338075451919535,-0.000845061520740528,-0.00178639599413821,-0.000893529396064786,-0.00100688100408483,-0.000794481994209503,-0.00113595486399005,-0.00110014702369418,-0.00120552648601133,-0.000849793982249308,-0.000840042182138838,-0.00236442861511688,-0.00108025138058924,-0.00110283004664639,-0.000767553679955093,-0.000984942682584814,-0.000776799788653131,-0.00098034758226194,-0.000838410974140592,-0.00112513708926196,-0.000702597816416403,-0.000811570834354649,-0.00104646945933187,-0.00150626281592671,-0.00081332811366475,-0.00114912048446665,-0.00105774696720836,-0.000963053699793735,-0.0011402179909776,-0.00146246519550822,-0.000931271283603086,-0.00171102035928083,-0.00138589283871823,-0.00101222412627812,-0.001021610109184,-0.00129798880513817,-0.000895131161583258,-0.000799698005262164,-0.00124505948521775,-0.00131548753082189,-0.000916500262666032,-0.00140817781715078,-0.000770876757755383,-0.00225950841737355,-0.000689524936721253,-0.000855477720733411,-0.00172352612621326,-0.00106171134443116,-0.00121172238280842,-0.00101704743757991,-0.00104143935126831,-0.000903811892014741,-0.00105187169257756,-0.00297591591304231,-0.0013750078210949,-0.000990855528049072,-0.000835566079935141,-0.00122225322748484,-0.000895735753252341,-0.00113890503711913,-0.00146282354965722,-0.00122344358020775,-0.000974407128826203,-0.00115515078659821,-0.000790225162125714
208,-1.9053264440872103E-4,-0.00048596315590474,-0.000688820456163947,-0.000833286984242006,-0.00114374779194233,-0.0014670684730015,-0.00308245196983115,-0.000709935068709578,-0.00158529922061457,-0.000756818102409844,-0.000861587999700226,-0.000664051348293497,-0.000979440652944904,-0.000945187873052193,-0.00104327605400675,-0.000712238429085837,-0.000704535755507069,-0.00212921977207665,-0.000927300585721824,-0.000945405438134941,-0.000636271797482397,-0.000842239156965977,-0.000644922526880552,-0.000835537557128539,-0.000702588219013405,-0.000965607160545674,-0.000573022234923167,-0.000677029789489018,-0.00089489175322606,-0.00132663407946394,-0.000679366773303193,-0.000998228902025895,-0.00090465854299937,-0.000815209814208535,-0.000979712427689107,-0.00128018345414147,-0.000788990106087215,-0.00151436257306052,-0.00121111287826755,-0.000862719809586097,-0.000868634803070686,-0.00113200979844059,-0.000752248849594149,-0.000665637761074152,-0.00108019215212588,-0.00114718848400181,-0.000775892509377926,-0.00123142492595595,-0.000637060509292305,-0.00202978297540758,-0.000561224579468125,-0.000720571860524551,-0.00153338004587246,-0.000909432752412433,-0.00105300380268999,-0.000869581806161528,-0.00088864442421023,-0.000760913814909999,-0.0009054136974182,-0.00270784771206126,-0.00120050050600094,-0.000845445763410054,-0.000699353314610643,-0.00105677985318838,-0.000751783235765715,-0.000979878537783446,-0.00128305950649617,-0.00106184546751978,-0.000828976337502708,-0.000996432409401164,-0.000657788243866964
209,-1.0240437625408036E-4,-0.000368495079017324,-0.000554535042639862,-0.000685206517075671,-0.000971924700604525,-0.00127131792195039,-0.00278414942046694,-0.000574808616678631,-0.00138420244709092,-0.000620106808754902,-0.000716294995315621,-0.000533620702377495,-0.000822926441899755,-0.000790228722410198,-0.000881025622002187,-0.000574682875922366,-0.000569029328875301,-0.00189401092903643,-0.00077434979085441,-0.000787980829623489,-0.000504989915009701,-0.000699535631347139,-0.000513045265107974,-0.000690727531995141,-0.000566765463886218,-0.000806077231829398,-0.000443446653429932,-0.000542488744623391,-0.000743314047120261,-0.00114700534300115,-0.00054540543294164,-0.00084733731958514,-0.00075157011879038,-0.000667365928623331,-0.00081920686440061,-0.00109790171277473,-0.000646708928571344,-0.00131770478684021,-0.00103633291781688,-0.000713215492894069,-0.000715659496957372,-0.000966030791743025,-0.000609366537605037,-0.00053157751688614,-0.000915324819034016,-0.000978889437181725,-0.000635284756089816,-0.00105467203476112,-0.00050324426082923,-0.0018000575334416,-0.000432924222215001,-0.000585666000315691,-0.00134323396553167,-0.000757154160393708,-0.000894285222571574,-0.000722116174743149,-0.00073584949715215,-0.000618015737805254,-0.000758955702258837,-0.0024397795110802,-0.00102599319090697,-0.00070003599877104,-0.000563140549286148,-0.000891306478891921,-0.000607830718279089,-0.000820852038447763,-0.00110329546333512,-0.00090024735483181,-0.00068354554617921,-0.000837714032204118,-0.000525351325608214
210,-1.4276108099443158E-5,-0.000251027002129912,-0.000420249629115774,-0.000537126049909336,-0.000800101609266718,-0.00107556737089928,-0.00248584687110273,-0.000439682164647681,-0.00118310567356728,-0.00048339551509996,-0.000571001990931016,-0.000403190056461489,-0.000666412230854611,-0.000635269571768203,-0.00071877518999762,-0.000437127322758892,-0.000433522902243532,-0.00165880208599621,-0.00062139899598699,-0.000630556221112036,-0.000373708032537005,-0.000556832105728301,-0.000381168003335396,-0.000545917506861744,-0.000430942708759027,-0.000646547303113115,-0.000313871071936697,-0.000407947699757761,-0.000591736341014462,-0.000967376606538381,-0.000411444092580086,-0.000696445737144377,-0.00059848169458139,-0.00051952204303813,-0.000658701301112112,-0.000915619971407988,-0.000504427751055473,-0.0011210470006199,-0.000861552957366202,-0.000563711176202041,-0.000562684190844064,-0.000800051785045448,-0.000466484225615928,-0.000397517272698128,-0.000750457485942151,-0.000810590390361639,-0.000494677002801706,-0.000877919143566296,-0.000369428012366151,-0.00157033209147562,-0.000304623864961873,-0.00045076014010683,-0.00115308788519087,-0.000604875568374984,-0.000735566642453153,-0.000574650543324774,-0.000583054570094076,-0.000475117660700512,-0.000612497707099473,-0.00217171131009914,-0.000851485875813011,-0.000554626234132025,-0.00042692778396165,-0.000725833104595459,-0.000463878200792467,-0.000661825539112086,-0.000923531420174061,-0.000738649242143834,-0.000538114754855715,-0.000678995655007078,-0.000392914407349464
211,7.3852160055197513E-5,-0.000133558925242496,-0.000285964215591687,-0.000389045582743004,-0.000628278517928918,-0.000879816819848167,-0.00218754432173852,-0.000304555712616734,-0.000982008900043636,-0.000346684221445022,-0.000425708986546414,-0.000272759410545484,-0.000509898019809461,-0.000480310421126208,-0.000556524757993046,-0.000299571769595421,-0.000298016475611767,-0.00142359324295599,-0.000468448201119569,-0.000473131612600583,-0.000242426150064309,-0.000414128580109464,-0.000249290741562817,-0.000401107481728346,-0.00029511995363184,-0.000487017374396839,-0.000184295490443465,-0.00027340665489213,-0.000440158634908656,-0.0007877478700756,-0.00027748275221853,-0.000545554154703615,-0.000445393270372393,-0.000371678157452926,-0.000498195737823615,-0.000733338230041243,-0.000362146573539602,-0.000924389214399586,-0.000686772996915532,-0.000414206859510012,-0.000409708884730749,-0.000634072778347872,-0.00032360191362682,-0.00026345702851012,-0.000585590152850285,-0.000642291343541553,-0.000354069249513599,-0.000701166252371474,-0.000235611763903076,-0.00134060664950963,-0.000176323507708749,-0.00031585427989797,-0.000962941804850077,-0.000452596976356259,-0.000576848062334732,-0.000427184911906395,-0.000430259643035995,-0.000332219583595767,-0.000466039711940112,-0.00190364310911808,-0.000676978560719049,-0.000409216469493007,-0.000290715018637155,-0.000560359730299005,-0.000319925683305841,-0.000502799039776403,-0.00074376737701301,-0.000577051129455865,-0.000392683963532217,-0.000520277277810031,-0.000260477489090714
212,1.6198042820983818E-4,-0.000016090848355084,-0.000151678802067602,-0.000240965115576669,-0.000456455426591118,-0.000684066268797058,-0.00188924177237433,-0.000169429260585788,-0.000780912126519991,-0.00020997292779008,-0.000280415982161809,-0.000142328764629482,-0.000353383808764311,-0.00032535127048422,-0.000394274325988479,-0.000162016216431946,-0.000162510048979998,-0.00118838439991576,-0.000315497406252148,-0.000315707004089137,-0.000111144267591613,-0.000271425054490626,-0.000117413479790239,-0.000256297456594948,-0.000159297198504649,-0.000327487445680563,-0.0000547199089502293,-0.000138865610026503,-0.000288580928802858,-0.000608119133612819,-0.000143521411856976,-0.000394662572262859,-0.000292304846163403,-0.000223834271867722,-0.000337690174535117,-0.000551056488674505,-0.000219865396023731,-0.000727731428179272,-0.000511993036464861,-0.000264702542817991,-0.000256733578617434,-0.000468093771650295,-0.000180719601637711,-0.000129396784322108,-0.000420722819758419,-0.000473992296721466,-0.000213461496225489,-0.000524413361176646,-0.000101795515439998,-0.00111088120754366,-0.0000480231504556214,-0.00018094841968911,-0.000772795724509279,-0.000300318384337535,-0.000418129482216319,-0.000279719280488019,-0.000277464715977921,-0.000189321506491025,-0.000319581716780749,-0.00163557490813702,-0.000502471245625087,-0.000263806704853993,-0.000154502253312656,-0.000394886356002544,-0.000175973165819219,-0.000343772540440719,-0.00056400333385196,-0.000415453016767889,-0.000247253172208719,-0.000361558900612985,-0.000128040570831961
213,2.5010869636447539E-4,0.000101377228532328,-0.0000173933885435143,-0.0000928846484103338,-0.000284632335253311,-0.000488315717745949,-0.00159093922301012,-0.0000343028085548376,-0.000579815352996352,-0.0000732616341351383,-0.000135122977777204,-0.0000118981187134763,-0.000196869597719168,-0.000170392119842225,-0.000232023893983913,-0.0000244606632684753,-0.0000270036223482296,-0.000953175556875539,-0.000162546611384727,-0.000158282395577684,0.0000201376148810835,-0.000128721528871788,0.0000144637819823427,-0.000111487431461551,-0.0000234744433774622,-0.00016795751696428,0.0000748556725430061,-0.00000432456516087296,-0.000137003222697052,-0.000428490397150046,-0.00000956007149541943,-0.000243770989822097,-0.000139216421954413,-0.0000759903862825179,-0.00017718461124662,-0.00036877474730776,-0.0000775842185078597,-0.000531073641958958,-0.000337213076014184,-0.000115198226125962,-0.000103758272504126,-0.000302114764952718,-0.0000378372896485991,0.00000466345986590427,-0.000255855486666554,-0.00030569324990138,-0.0000728537429373795,-0.000347660469981817,0.0000320207330230769,-0.000881155765577679,0.0000802772067975029,-0.0000460425594802499,-0.000582649644168487,-0.00014803979231881,-0.000259410902097898,-0.000132253649069637,-0.00012466978891984,-0.0000464234293862838,-0.000173123721621385,-0.00136750670715596,-0.000327963930531125,-0.000118396940214979,-0.000018289487988158,-0.00022941298170609,-0.0000320206483325931,-0.000184746041105036,-0.00038423929069091,-0.000253854904079913,-0.000101822380885224,-0.000202840523415938,0.00000439634742678899
214,3.3823696451911606E-4,0.000218845305419744,0.000116892024980574,0.0000551958187560014,-0.000112809243915511,-0.000292565166694833,-0.00129263667364592,0.000100823643476109,-0.000378718579472706,0.0000634496595198,0.0000101700266074006,0.000118532527202529,-0.0000403553866740181,-0.0000154329692002297,-0.0000697734619793389,0.000113094889894999,0.000108502804283539,-0.000717966713835318,-0.00000959581651730629,-0.000000857787066231575,0.00015141949735378,0.0000139819967470492,0.000146341043754921,0.0000333225936718466,0.000112348311749728,-0.00000842758824800422,0.000204431254036241,0.000130216479704754,0.0000145744834087469,-0.000248861660687265,0.000124401268866134,-0.000092879407381341,0.0000138720022545766,0.0000718534993026862,-0.0000166790479581222,-0.000186493005941014,0.0000646969590080114,-0.000334415855738644,-0.000162433115563514,0.0000343060905660664,0.0000492170336091891,-0.000136135758255149,0.000105045022340509,0.000138723704053913,-0.0000909881535746879,-0.000137394203081301,0.000067754010350727,-0.000170907578786995,0.000165836981486155,-0.000651430323611701,0.000208577564050631,0.0000888633007286067,-0.000392503563827688,0.00000423879969992103,-0.000100692321979477,0.0000152119823487382,0.0000281251381382339,0.0000964746477184614,-0.0000266657264620246,-0.0010994385061749,-0.000153456615437163,0.0000270128244240359,0.000117923277336337,-0.0000639396074096285,0.000111931869154033,-0.000025719541769352,-0.00020447524752986,-0.0000922567913919439,0.0000436084104382742,-0.0000441221462188918,0.000136833265685539
215,4.2636523267375326E-4,0.000336313382307156,0.000251177438504661,0.00020327628592233,0.0000590138474222887,-0.0000968146156437241,-0.000994334124281709,0.000235950095507056,-0.00017762180594906,0.000200160953174742,0.000155463030992006,0.000248963173118531,0.000116158824371125,0.000139526181441765,0.0000924769700252279,0.00025065044305847,0.000244009230915308,-0.000482757870795096,0.000143354978350115,0.000156566821445221,0.000282701379826476,0.00015668552236589,0.000278218305527499,0.000178132618805244,0.000248171066876916,0.000151102340468279,0.000334006835529477,0.000264757524570385,0.000166152189514553,-0.000069232924224491,0.000258362609227691,0.0000580121750594215,0.000166960426463567,0.000219697384887883,0.000143826515330375,-0.00000421126457427618,0.000206978136523882,-0.00013775806951833,0.0000123468448871636,0.000183810407258095,0.000202192339722497,0.000029843248442428,0.000247927334329618,0.000272783948241925,0.0000738791795171778,0.0000309048437387854,0.000208361763638837,0.00000584531240783309,0.00029965322994923,-0.000421704881645717,0.000336877921303755,0.000223769160937467,-0.000202357483486897,0.000156517391718646,0.0000580262581389435,0.000162677613767114,0.000180920065196315,0.000239372724823203,0.000119792268697343,-0.000831370305193847,0.0000210506996567994,0.00017242258906305,0.000254136042660835,0.000101533766886833,0.000255884386640655,0.000133306957566331,-0.0000247112043688102,0.000069341321296032,0.000189039201761772,0.000114596230978148,0.000269270183944289
216,5.1449350082839393E-4,0.000453781459194568,0.000385462852028746,0.000351356753088665,0.000230836938760096,0.0000989359354073849,-0.000696031574917502,0.000371076547538006,0.0000234749675745785,0.000336872246829684,0.000300756035376611,0.000379393819034537,0.000272673035416275,0.000294485332083753,0.000254727402029802,0.000388205996221941,0.000379515657547073,-0.000247549027754874,0.000296305773217535,0.000313991429956674,0.000413983262299172,0.000299389047984728,0.000410095567300078,0.000322942643938642,0.000383993822004106,0.000310632269184555,0.000463582417022709,0.000399298569436015,0.000317729895620351,0.00011039581223829,0.000392323949589244,0.000208903757500177,0.000320048850672557,0.000367541270473087,0.000304332078618866,0.000178070476792469,0.000349259314039754,0.0000588997167019836,0.000187126805337834,0.000333314723950116,0.000355167645835812,0.000195822255140005,0.00039080964631873,0.000406844192429937,0.000238746512609044,0.000199203890558872,0.000348969516926947,0.000182598203602662,0.000433469478412309,-0.000191979439679739,0.000465178278556883,0.000358675021146327,-0.0000122114031460979,0.00030879598373737,0.000216744838257364,0.000310143245185496,0.000333714992254396,0.000382270801927948,0.000266250263856703,-0.000563302104212786,0.000195558014750762,0.000317832353702068,0.00039034880798533,0.000267007141183287,0.000399836904127281,0.000292333456902015,0.00015505283879224,0.000230939433984001,0.000334469993085267,0.000273314608175194,0.000401707102203039
217,6.026217689830346E-4,0.000571249536081984,0.000519748265552834,0.000499437220255,0.000402660030097896,0.000294686486458501,-0.000397729025553309,0.000506202999568953,0.000224571741098224,0.000473583540484625,0.000446049039761212,0.000509824464950542,0.000429187246461418,0.000449444482725749,0.000416977834034368,0.000525761549385415,0.000515022084178841,-0.0000123401847146459,0.000449256568084956,0.00047141603846812,0.000545265144771868,0.000442092573603566,0.000541972829072656,0.000467752669072039,0.000519816577131294,0.000470162197900831,0.000593157998515944,0.000533839614301642,0.00046930760172615,0.000290024548701064,0.000526285289950797,0.00035979533994094,0.000473137274881547,0.000515385156058292,0.000464837641907363,0.000360352218159214,0.000491540491555625,0.000255557502922291,0.000361906765788504,0.000482819040642145,0.000508142951949127,0.000361801261837581,0.000533691958307839,0.000540904436617949,0.000403613845700902,0.000367502937378958,0.000489577270215053,0.00035935109479749,0.000567285726875384,0.0000377460022862389,0.000593478635810007,0.000493580881355187,0.000177934677194694,0.000461074575756094,0.000375463418375785,0.000457608876603871,0.00048650991931247,0.00052516887903269,0.000412708259016063,-0.000295233903231731,0.000370065329844731,0.000463242118341086,0.000526561573309829,0.000432480515479748,0.000543789421613903,0.000451359956237699,0.00033481688195329,0.000392537546671977,0.000479900784408762,0.000432032985372241,0.000534144020461792
218,6.907500371376718E-4,0.000688717612969396,0.000654033679076921,0.000647517687421335,0.000574483121435702,0.00049043703750961,-0.0000994264761891017,0.000641329451599903,0.00042566851462187,0.000610294834139564,0.000591342044145814,0.000640255110866544,0.000585701457506568,0.000604403633367744,0.000579228266038935,0.000663317102548886,0.00065052851081061,0.000222868658325576,0.000602207362952377,0.000628840646979573,0.000676547027244564,0.000584796099222403,0.000673850090845234,0.000612562694205437,0.000655639332258484,0.000629692126617114,0.000722733580009179,0.000668380659167273,0.000620885307831956,0.000469653285163844,0.000660246630312354,0.000510686922381695,0.000626225699090544,0.000663229041643496,0.000625343205195861,0.000542633959525953,0.000633821669071496,0.000452215289142605,0.000536686726239181,0.000632323357334173,0.000661118258062435,0.000527780268535158,0.000676574270296947,0.000674964680805957,0.000568481178792768,0.000535801984199044,0.000630185023503163,0.000536103985992312,0.000701101975338462,0.000267471444252217,0.000721778993063135,0.000628486741564047,0.000368080757535493,0.000613353167774819,0.000534181998494199,0.000605074508022246,0.00063930484637055,0.000668066956137435,0.000559166254175431,-0.0000271657022506699,0.000544572644938693,0.000608651882980097,0.000662774338634327,0.000597953889776209,0.000687741939100525,0.000610386455573382,0.000514580925114347,0.000554135659359953,0.000625331575732264,0.000590751362569288,0.000666580938720542
219,7.7887830529231247E-4,0.000806185689856812,0.000788319092601009,0.000795598154587671,0.000746306212773502,0.000686187588560726,0.000198876073175105,0.00077645590363085,0.000626765288145509,0.000747006127794506,0.000736635048530422,0.00077068575678255,0.000742215668551711,0.000759362784009739,0.000741478698043509,0.000800872655712361,0.000786034937442379,0.000458077501365797,0.000755158157819798,0.000786265255491025,0.00080782890971726,0.000727499624841241,0.000805727352617813,0.000757372719338834,0.000791462087385671,0.00078922205533339,0.000852309161502415,0.000802921704032899,0.000772463013937755,0.000649282021626625,0.000794207970673908,0.000661578504822458,0.000779314123299533,0.0008110729272287,0.000785848768484358,0.000724915700892698,0.000776102846587367,0.000648873075362919,0.000711466686689852,0.000781827674026202,0.00081409356417575,0.000693759275232735,0.000819456582286056,0.000809024924993969,0.000733348511884634,0.00070410103101913,0.000770792776791273,0.00071285687718714,0.000834918223801537,0.000497196886218194,0.000850079350316259,0.000763392601772907,0.000558226837876284,0.000765631759793543,0.000692900578612619,0.000752540139440629,0.000792099773428624,0.000810965033242177,0.000705624249334791,0.000240902498730385,0.000719079960032655,0.000754061647619115,0.000798987103958822,0.000763427264072664,0.000831694456587151,0.000769412954909059,0.000694344968275397,0.000715733772047922,0.000770762367055759,0.000749469739766334,0.000799017856979292
220,8.6700657344695314E-4,0.000923653766744224,0.000922604506125094,0.000943678621754006,0.000918129304111302,0.000881938139611835,0.000497178622539313,0.000911582355661796,0.000827862061669155,0.000883717421449448,0.000881928052915024,0.000901116402698555,0.000898729879596862,0.000914321934651734,0.000903729130048075,0.000938428208875831,0.000921541364074147,0.000693286344406019,0.000908108952687219,0.000943689864002478,0.000939110792189956,0.000870203150460082,0.000937604614390391,0.000902182744472232,0.000927284842512858,0.000948751984049673,0.000981884742995646,0.00093746274889853,0.000924040720043561,0.000828910758089399,0.000928169311035464,0.000812470087263213,0.000932402547508523,0.000958916812813897,0.000946354331772856,0.000907197442259443,0.000918384024103238,0.000845530861583232,0.000886246647140529,0.00093133199071823,0.000967068870289065,0.000859738281930304,0.000962338894275168,0.000943085169181981,0.000898215844976499,0.00087240007783921,0.000911400530079383,0.000889609768381969,0.000968734472264615,0.000726922328184179,0.000978379707569387,0.000898298461981768,0.000748372918217083,0.000917910351812268,0.00085161915873104,0.000900005770859004,0.000944894700486705,0.000953863110346918,0.000852082244494151,0.000508970699711446,0.000893587275126617,0.000899471412258133,0.00093519986928332,0.000928900638369125,0.000975646974073777,0.000928439454244742,0.000874109011436447,0.000877331884735898,0.000916193158379253,0.000908188116963374,0.000931454775238042
221,9.5513484160159035E-4,0.00104112184363164,0.00105688991964918,0.00109175908892033,0.00108995239544911,0.00107768869066294,0.00079548117190352,0.00104670880769275,0.00102895883519279,0.00102042871510439,0.00102722105729963,0.00103154704861456,0.00105524409064201,0.00106928108529372,0.00106597956205265,0.00107598376203931,0.00105704779070591,0.00092849518744624,0.00106105974755464,0.00110111447251393,0.00107039267466265,0.00101290667607892,0.00106948187616297,0.00104699276960564,0.00106310759764005,0.00110828191276595,0.00111146032448888,0.00107200379376416,0.00107561842614936,0.00100853949455218,0.00106213065139702,0.000963361669703976,0.00108549097171751,0.0011067606983991,0.00110685989506135,0.00108947918362619,0.00106066520161911,0.00104218864780355,0.0010610266075912,0.00108083630741025,0.00112004417640237,0.00102571728862788,0.00110522120626428,0.00107714541336999,0.00106308317806837,0.0010406991246593,0.00105200828336749,0.0010663626595768,0.00110255072072769,0.000956647770150157,0.00110668006482251,0.00103320432219063,0.000938518998557875,0.001070188943831,0.00101033773884946,0.00104747140227739,0.00109768962754478,0.00109676118745166,0.000998540239653518,0.000777038900692508,0.00106809459022058,0.00104488117689714,0.00107141263460782,0.00109437401266559,0.0011195994915604,0.00108746595358043,0.0010538730545975,0.00103892999742387,0.00106162394970276,0.00106690649416042,0.00106389169349679
222,1.043263109756231E-3,0.00115858992051905,0.00119117533317327,0.00123983955608667,0.00126177548678691,0.00127343924171406,0.00109378372126771,0.00118183525972369,0.00123005560871644,0.00115714000875933,0.00117251406168423,0.00116197769453056,0.00121175830168715,0.00122424023593572,0.00122822999405722,0.00121353931520278,0.00119255421733768,0.00116370403048647,0.00121401054242206,0.00125853908102538,0.00120167455713535,0.00115561020169776,0.00120135913793555,0.00119180279473903,0.00119893035276724,0.00126781184148222,0.00124103590598212,0.00120654483862979,0.00122719613225516,0.00118816823101495,0.00119609199175857,0.00111425325214473,0.0012385793959265,0.0012546045839843,0.00126736545834985,0.00127176092499293,0.00120294637913498,0.00123884643402386,0.00123580656804187,0.00123034062410228,0.00127301948251569,0.00119169629532546,0.00124810351825339,0.001211205657558,0.00122795051116023,0.00120899817147938,0.0011926160366556,0.00124311555077162,0.00123636696919077,0.00118637321211613,0.00123498042207564,0.00116811018239949,0.00112866507889867,0.00122246753584972,0.00116905631896788,0.00119493703369576,0.00125048455460286,0.00123965926455641,0.00114499823481288,0.00104510710167356,0.00124260190531454,0.00119029094153616,0.00120762539993231,0.00125984738696204,0.00126355200904703,0.00124649245291611,0.00123363709775855,0.00120052811011184,0.00120705474102625,0.00122562487135747,0.00119632861175555
223,1.1313913779108717E-3,0.00127605799740646,0.00132546074669735,0.001387920023253,0.00143359857812471,0.00146918979276517,0.00139208627063192,0.00131696171175464,0.00143115238224009,0.00129385130241427,0.00131780706606884,0.00129240834044657,0.0013682725127323,0.00137919938657771,0.00139048042606178,0.00135109486836625,0.00132806064396945,0.00139891287352669,0.00136696133728947,0.00141596368953683,0.00133295643960804,0.00129831372731659,0.00133323639970813,0.00133661281987243,0.00133475310789443,0.00142734177019851,0.00137061148747535,0.00134108588349542,0.00137877383836096,0.00136779696747773,0.00133005333212013,0.00126514483458549,0.00139166782013549,0.00140244846956951,0.00142787102163835,0.00145404266635967,0.00134522755665085,0.00143550422024417,0.00141058652849255,0.00137984494079431,0.001425994788629,0.00135767530202303,0.0013909858302425,0.00134526590174601,0.0013928178442521,0.00137729721829947,0.00133322378994371,0.00141986844196645,0.00137018321765384,0.00141609865408211,0.00136328077932876,0.00130301604260835,0.00131881115923947,0.00137474612786845,0.0013277748990863,0.00134240266511414,0.00140327948166094,0.00138255734166115,0.00129145622997225,0.00131317530265462,0.0014171092204085,0.00133570070617518,0.00134383816525681,0.0014253207612585,0.00140750452653365,0.00140551895225179,0.0014134011409196,0.00136212622279982,0.00135248553234974,0.00138434324855451,0.0013287655300143
224,1.2195196460655089E-3,0.00139352607429388,0.00145974616022144,0.00153600049041934,0.00160542166946252,0.00166494034381628,0.00169038881999613,0.00145208816378559,0.00163224915576372,0.00143056259606921,0.00146310007045344,0.00142283898636257,0.00152478672377745,0.00153415853721971,0.00155273085806636,0.00148865042152972,0.00146356707060122,0.00163412171656691,0.00151991213215689,0.00157338829804828,0.00146423832208074,0.00144101725293543,0.0014651136614807,0.00148142284500583,0.00147057586302161,0.00158687169891478,0.00150018706896858,0.00147562692836105,0.00153035154446676,0.00154742570394051,0.00146401467248168,0.00141603641702625,0.00154475624434448,0.00155029235515471,0.00158837658492685,0.00163632440772642,0.00148750873416672,0.00163216200646449,0.00158536648894322,0.00152934925748634,0.00157897009474231,0.00152365430872061,0.00153386814223161,0.00147932614593402,0.00155768517734396,0.00154559626511955,0.00147383154323182,0.00159662133316128,0.00150399946611692,0.00164582409604809,0.00149158113658189,0.00143792190281721,0.00150895723958026,0.00152702471988717,0.00148649347920472,0.00148986829653252,0.00155607440871901,0.00152545541876589,0.00143791422513161,0.00158124350363568,0.00159161653550247,0.00148111047081419,0.00148005093058131,0.00159079413555496,0.00155145704402027,0.00156454545158748,0.00159316518408065,0.00152372433548779,0.00149791632367324,0.00154306162575155,0.00146120244827305
225,1.3076479142201496E-3,0.00151099415118129,0.00159403157374553,0.00168408095758568,0.00177724476080032,0.00186069089486739,0.00198869136936033,0.00158721461581654,0.00183334592928737,0.00156727388972415,0.00160839307483805,0.00155326963227858,0.0016813009348226,0.0016891176878617,0.00171498129007092,0.00162620597469319,0.00159907349723299,0.00186933055960713,0.00167286292702432,0.00173081290655974,0.00159552020455344,0.00158372077855427,0.00159699092325328,0.00162623287013923,0.0016063986181488,0.00174640162763107,0.00162976265046182,0.00161016797322668,0.00168192925057257,0.00172705444040329,0.00159797601284324,0.00156692799946701,0.00169784466855347,0.00169813624073991,0.00174888214821534,0.00181860614909316,0.00162978991168259,0.0018288197926848,0.00176014644939389,0.00167885357417837,0.00173194540085563,0.00168963331541818,0.00167675045422071,0.00161338639012203,0.00172255251043583,0.00171389531193964,0.00161443929651993,0.0017733742243561,0.00163781571458,0.00187554953801408,0.00161988149383501,0.00157282776302607,0.00169910331992106,0.0016793033119059,0.00164521205932314,0.00163733392795089,0.0017088693357771,0.00166835349587063,0.00158437222029097,0.00184931170461674,0.00176612385059643,0.00162652023545321,0.0016162636959058,0.00175626750985142,0.0016954095615069,0.00172357195092316,0.0017729292272417,0.00168532244817576,0.00164334711499674,0.0017017800029486,0.0015936393665318
226,1.3957761823747902E-3,0.0016284622280687,0.00172831698726962,0.001832161424752,0.00194906785213812,0.0020564414459185,0.00228699391872454,0.00172234106784749,0.00203444270281102,0.00170398518337909,0.00175368607922265,0.00168370027819458,0.00183781514586774,0.00184407683850369,0.00187723172207549,0.00176376152785667,0.00173457992386475,0.00210453940264736,0.00182581372189174,0.00188823751507119,0.00172680208702613,0.00172642430417311,0.00172886818502586,0.00177104289527262,0.00174222137327599,0.00190593155634734,0.00175933823195506,0.00174470901809231,0.00183350695667837,0.00190668317686607,0.00173193735320479,0.00171781958190777,0.00185093309276247,0.00184598012632511,0.00190938771150383,0.0020008878904599,0.00177207108919846,0.00202547757890511,0.00193492640984456,0.00182835789087039,0.00188492070696893,0.00185561232211576,0.00181963276620983,0.00174744663431005,0.00188741984352769,0.00188219435875972,0.00175504704980803,0.00195012711555093,0.00177163196304308,0.00210527497998005,0.00174818185108814,0.00170773362323493,0.00188924940026185,0.00183158190392462,0.00180393063944156,0.00178479955936927,0.00186166426283517,0.00181125157297538,0.00173083021545033,0.00211737990559779,0.00194063116569039,0.00177193000009222,0.0017524764612303,0.00192174088414788,0.00183936207899352,0.00188259845025884,0.00195269327040275,0.00184692056086373,0.00178877790632024,0.00186049838014565,0.00172607628479055
227,1.4839044505294274E-3,0.00174593030495612,0.0018626024007937,0.00198024189191834,0.00212089094347592,0.00225219199696961,0.00258529646808874,0.00185746751987843,0.00223553947633465,0.00184069647703403,0.00189897908360726,0.00181413092411058,0.00199432935691289,0.00199903598914569,0.00203948215408006,0.00190131708102014,0.00187008635049652,0.00233974824568758,0.00197876451675916,0.00204566212358263,0.00185808396949883,0.00186912782979194,0.00186074544679844,0.00191585292040602,0.00187804412840318,0.00206546148506362,0.00188891381344829,0.00187925006295793,0.00198508466278417,0.00208631191332884,0.00186589869356635,0.00186871116434853,0.00200402151697146,0.00199382401191032,0.00206989327479233,0.00218316963182665,0.00191435226671434,0.00222213536512542,0.00210970637029524,0.00197786220756242,0.00203789601308225,0.00202159132881333,0.00196251507819894,0.00188150687849806,0.00205228717661956,0.00205049340557981,0.00189565480309615,0.00212688000674575,0.00190544821150615,0.00233500042194603,0.00187648220834127,0.00184263948344379,0.00207939548060265,0.00198386049594335,0.00196264921955998,0.00193226519078765,0.00201445918989325,0.00195414965008012,0.00187728821060969,0.00238544810657886,0.00211513848078435,0.00191733976473124,0.0018886892265548,0.00208721425844433,0.00198331459648015,0.00204162494959453,0.0021324573135638,0.00200851867355171,0.00193420869764373,0.00201921675734269,0.0018585132030493
228,1.5720327186840681E-3,0.00186339838184353,0.00199688781431779,0.00212832235908467,0.00229271403481372,0.00244794254802073,0.00288359901745294,0.00199259397190938,0.0024366362498583,0.00197740777068898,0.00204427208799186,0.00194456157002659,0.00215084356795803,0.00215399513978768,0.00220173258608463,0.00203887263418361,0.00200559277712829,0.00257495708872781,0.00213171531162658,0.00220308673209409,0.00198936585197152,0.00201183135541078,0.00199262270857102,0.00206066294553942,0.00201386688353037,0.0022249914137799,0.00201848939494152,0.00201379110782356,0.00213666236888997,0.00226594064979162,0.0019998600339279,0.00201960274678929,0.00215710994118045,0.00214166789749552,0.00223039883808083,0.00236545137319338,0.00205663344423021,0.00241879315134574,0.00228448633074591,0.00212736652425444,0.00219087131919556,0.00218757033551091,0.00210539739018804,0.00201556712268607,0.00221715450971143,0.00221879245239989,0.00203626255638425,0.00230363289794058,0.00203926445996923,0.00256472586391201,0.00200478256559439,0.00197754534365265,0.00226954156094344,0.00213613908796208,0.0021213677996784,0.00207973082220603,0.00216725411695132,0.00209704772718487,0.00202374620576905,0.00265351630755991,0.00228964579587831,0.00206274952937026,0.00202490199187929,0.00225268763274079,0.00212726711396677,0.0022006514489302,0.00231222135672485,0.00217011678623968,0.00207963948896723,0.00217793513453974,0.00199095012130805
229,1.6601609868387088E-3,0.00198086645873094,0.00213117322784188,0.00227640282625101,0.00246453712615153,0.00264369309907184,0.00318190156681715,0.00212772042394033,0.00263773302338194,0.00211411906434391,0.00218956509237647,0.00207499221594259,0.00230735777900318,0.00230895429042967,0.0023639830180892,0.00217642818734708,0.00214109920376006,0.00281016593176803,0.002284666106494,0.00236051134060554,0.00212064773444422,0.00215453488102962,0.0021244999703436,0.00220547297067282,0.00214968963865756,0.00238452134249618,0.00214806497643476,0.00214833215268919,0.00228824007499577,0.0024455693862544,0.00213382137428946,0.00217049432923005,0.00231019836538944,0.00228951178308073,0.00239090440136933,0.00254773311456013,0.00219891462174608,0.00261545093756605,0.00245926629119658,0.00227687084094647,0.00234384662530887,0.00235354934220849,0.00224827970217716,0.00214962736687408,0.00238202184280329,0.00238709149921998,0.00217687030967236,0.0024803857891354,0.0021730807084323,0.00279445130587799,0.00213308292284752,0.00211245120386151,0.00245968764128424,0.0022884176799808,0.00228008637979682,0.0022271964536244,0.00232004904400941,0.00223994580428961,0.00217020420092842,0.00292158450854097,0.00246415311097228,0.00220815929400927,0.00216111475720379,0.00241816100703726,0.00227121963145339,0.00235967794826589,0.0024919853998859,0.00233171489892765,0.00222507028029073,0.00233665351173678,0.0021233870395668
230,1.748289254993346E-3,0.00209833453561836,0.00226545864136597,0.00242448329341734,0.00263636021748933,0.00283944365012295,0.00348020411618136,0.00226284687597128,0.00283882979690558,0.00225083035799886,0.00233485809676107,0.0022054228618586,0.00246387199004833,0.00246391344107166,0.00252623345009377,0.00231398374051055,0.00227660563039183,0.00304537477480825,0.00243761690136142,0.00251793594911699,0.00225192961691692,0.00229723840664846,0.00225637723211618,0.00235028299580621,0.00228551239378475,0.00254405127121246,0.00227764055792799,0.00228287319755482,0.00243981778110158,0.00262519812271718,0.00226778271465101,0.00232138591167081,0.00246328678959843,0.00243735566866593,0.00255140996465782,0.00273001485592687,0.00234119579926196,0.00281210872378637,0.00263404625164726,0.0024263751576385,0.00249682193142219,0.00251952834890606,0.00239116201416627,0.00228368761106209,0.00254688917589516,0.00255539054604007,0.00231747806296047,0.00265713868033023,0.00230689695689538,0.00302417674784397,0.00226138328010065,0.00224735706407037,0.00264983372162503,0.00244069627199953,0.00243880495991523,0.00237466208504279,0.00247284397106748,0.00238284388139435,0.00231666219608778,0.00318965270952203,0.00263866042606625,0.00235356905864828,0.00229732752252829,0.00258363438133371,0.00241517214894002,0.00251870444760157,0.00267174944304695,0.00249331301161563,0.00237050107161422,0.00249537188893383,0.00225582395782555
231,1.8364175231479866E-3,0.00221580261250577,0.00239974405489005,0.00257256376058368,0.00280818330882713,0.00303519420117406,0.00377850666554556,0.00239797332800223,0.00303992657042923,0.0023875416516538,0.00248015110114568,0.0023358535077746,0.00262038620109348,0.00261887259171366,0.00268848388209834,0.00245153929367403,0.0024121120570236,0.00328058361784847,0.00259056769622884,0.00267536055762845,0.00238321149938961,0.0024399419322673,0.00238825449388876,0.00249509302093961,0.00242133514891194,0.00270358119992874,0.00240721613942123,0.00241741424242045,0.00259139548720738,0.00280482685917995,0.00240174405501256,0.00247227749411157,0.00261637521380742,0.00258519955425113,0.00271191552794632,0.00291229659729361,0.00248347697677783,0.00300876651000668,0.00280882621209793,0.00257587947433052,0.0026497972375355,0.00268550735560363,0.00253404432615537,0.0024177478552501,0.00271175650898702,0.00272368959286015,0.00245808581624858,0.00283389157152506,0.00244071320535846,0.00325390218980995,0.00238968363735377,0.00238226292427923,0.00283997980196583,0.00259297486401825,0.00259752354003365,0.00252212771646116,0.00262563889812556,0.0025257419584991,0.00246312019124714,0.00345772091050309,0.00281316774116021,0.0024989788232873,0.00243354028785278,0.00274910775563017,0.00255912466642665,0.00267773094693725,0.002851513486208,0.00265491112430361,0.00251593186293772,0.00265409026613087,0.0023882608760843
232,1.9245457913026273E-3,0.00233327068939318,0.00253402946841414,0.00272064422775001,0.00298000640016494,0.00323094475222517,0.00407680921490976,0.00253309978003317,0.00324102334395287,0.00252425294530874,0.00262544410553028,0.0024662841536906,0.00277690041213863,0.00277383174235565,0.00285073431410291,0.0025890948468375,0.00254761848365536,0.0035157924608887,0.00274351849109626,0.00283278516613989,0.00251449338186231,0.00258264545788613,0.00252013175566133,0.00263990304607301,0.00255715790403913,0.00286311112864501,0.00253679172091446,0.00255195528728608,0.00274297319331317,0.00298445559564273,0.00253570539537412,0.00262316907655233,0.00276946363801641,0.00273304343983633,0.00287242109123482,0.00309457833866036,0.0026257581542937,0.00320542429622699,0.0029836061725486,0.00272538379102255,0.00280277254364881,0.00285148636230121,0.00267692663814448,0.00255180809943811,0.00287662384207889,0.00289198863968023,0.00259869356953668,0.00301064446271989,0.00257452945382154,0.00348362763177593,0.0025179839946069,0.00251716878448808,0.00303012588230662,0.00274525345603698,0.00275624212015208,0.00266959334787954,0.00277843382518364,0.00266864003560384,0.00260957818640651,0.00372578911148415,0.00298767505625417,0.00264438858792631,0.00256975305317728,0.00291458112992663,0.00270307718391327,0.00283675744627294,0.00303127752936905,0.00281650923699157,0.00266136265426122,0.00281280864332792,0.00252069779434305
233,2.0126740594572645E-3,0.0024507387662806,0.00266831488193822,0.00286872469491634,0.00315182949150274,0.00342669530327629,0.00437511176427396,0.00266822623206412,0.00344212011747651,0.00266096423896368,0.00277073710991489,0.00259671479960661,0.00293341462318377,0.00292879089299764,0.00301298474610748,0.00272665040000097,0.00268312491028713,0.00375100130392892,0.00289646928596368,0.00299020977465134,0.002645775264335,0.00272534898350497,0.00265200901743391,0.00278471307120641,0.00269298065916632,0.0030226410573613,0.0026663673024077,0.00268649633215171,0.00289455089941898,0.00316408433210551,0.00266966673573568,0.00277406065899308,0.0029225520622254,0.00288088732542154,0.00303292665452331,0.0032768600800271,0.00276803933180957,0.0034020820824473,0.00315838613299928,0.00287488810771458,0.00295574784976212,0.00301746536899879,0.0028198089501336,0.00268586834362612,0.00304149117517075,0.00306028768650032,0.0027393013228248,0.00318739735391471,0.00270834570228461,0.0037133530737419,0.00264628435186003,0.00265207464469694,0.00322027196264742,0.0028975320480557,0.0029149607002705,0.00281705897929792,0.00293122875224171,0.00281153811270858,0.00275603618156587,0.0039938573124652,0.00316218237134813,0.00278979835256533,0.00270596581850178,0.00308005450422309,0.00284702970139989,0.00299578394560862,0.0032110415725301,0.00297810734967955,0.00280679344558471,0.00297152702052497,0.0026531347126018
234,2.1008023276119052E-3,0.00256820684316801,0.00280260029546231,0.00301680516208268,0.00332365258284054,0.0036224458543274,0.00467341431363817,0.00280335268409507,0.00364321689100016,0.00279767553261862,0.00291603011429949,0.00272714544552262,0.00308992883422892,0.00308375004363964,0.00317523517811204,0.00286420595316445,0.0028186313369189,0.00398621014696914,0.0030494200808311,0.0031476343831628,0.0027770571468077,0.00286805250912381,0.00278388627920649,0.0029295230963398,0.0028288034142935,0.00318217098607757,0.00279594288390093,0.00282103737701734,0.00304612860552478,0.00334371306856829,0.00280362807609723,0.00292495224143385,0.0030756404864344,0.00302873121100674,0.00319343221781181,0.00345914182139384,0.00291032050932544,0.00359873986866761,0.00333316609344995,0.00302439242440661,0.00310872315587544,0.00318344437569636,0.0029626912621227,0.00281992858781413,0.00320635850826262,0.0032285867333204,0.0028799090761129,0.00336415024510954,0.00284216195074769,0.00394307851570788,0.00277458470911315,0.0027869805049058,0.00341041804298821,0.00304981064007442,0.00307367928038892,0.00296452461071629,0.0030840236792998,0.00295443618981332,0.00290249417672524,0.00426192551344627,0.00333668968644209,0.00293520811720435,0.00284217858382628,0.00324552787851955,0.00299098221888652,0.0031548104449443,0.00339080561569115,0.00313970546236752,0.00295222423690822,0.00313024539772201,0.00278557163086055
235,2.1889305957665459E-3,0.00268567492005543,0.0029368857089864,0.00316488562924901,0.00349547567417834,0.0038181964053785,0.00497171686300238,0.00293847913612602,0.0038443136645238,0.00293438682627356,0.00306132311868409,0.00285757609143862,0.00324644304527406,0.00323870919428163,0.00333748561011662,0.00300176150632792,0.00295413776355066,0.00422141899000936,0.00320237087569852,0.00330505899167425,0.00290833902928039,0.00301075603474265,0.00291576354097907,0.0030743331214732,0.00296462616942069,0.00334170091479386,0.00292551846539417,0.00295557842188296,0.00319770631163058,0.00352334180503107,0.00293758941645879,0.0030758438238746,0.00322872891064339,0.00317657509659194,0.0033539377811003,0.00364142356276059,0.00305260168684131,0.00379539765488793,0.00350794605390063,0.00317389674109864,0.00326169846198875,0.00334942338239393,0.00310557357411181,0.00295398883200214,0.00337122584135448,0.00339688578014049,0.00302051682940101,0.00354090313630437,0.00297597819921077,0.00417280395767387,0.00290288506636628,0.00292188636511466,0.00360056412332901,0.00320208923209316,0.00323239786050734,0.00311199024213468,0.00323681860635787,0.00309733426691806,0.0030489521718846,0.00452999371442733,0.00351119700153606,0.00308061788184336,0.00297839134915077,0.00341100125281601,0.00313493473637314,0.00331383694427999,0.00357056965885221,0.00330130357505549,0.00309765502823171,0.00328896377491905,0.0029180085491193
236,2.2770588639211831E-3,0.00280314299694284,0.00307117112251049,0.00331296609641535,0.00366729876551614,0.00401394695642962,0.00527001941236659,0.00307360558815697,0.00404541043804745,0.0030710981199285,0.0032066161230687,0.00298800673735462,0.00340295725631921,0.00339366834492363,0.00349973604212118,0.00313931705949139,0.00308964419018244,0.00445662783304959,0.00335532167056594,0.0034624836001857,0.00303962091175309,0.00315345956036148,0.00304764080275165,0.0032191431466066,0.00310044892454788,0.00350123084351013,0.0030550940468874,0.0030901194667486,0.00334928401773638,0.00370297054149384,0.00307155075682034,0.00322673540631536,0.00338181733485238,0.00332441898217714,0.0035144433443888,0.00382370530412733,0.00319488286435718,0.00399205544110824,0.0036827260143513,0.00332340105779066,0.00341467376810206,0.00351540238909151,0.00324845588610093,0.00308804907619016,0.00353609317444635,0.00356518482696058,0.00316112458268912,0.00371765602749919,0.00310979444767384,0.00440252939963984,0.0030311854236194,0.00305679222532352,0.0037907102036698,0.00335436782411188,0.00339111644062576,0.00325945587355305,0.00338961353341595,0.00324023234402281,0.00319541016704396,0.00479806191540837,0.00368570431663002,0.00322602764648238,0.00311460411447527,0.00357647462711246,0.00327888725385977,0.00347286344361566,0.00375033370201326,0.00346290168774347,0.00324308581955521,0.0034476821521161,0.00305044546737806
237,2.3651871320758237E-3,0.00292061107383025,0.00320545653603457,0.00346104656358168,0.00383912185685394,0.00420969750748073,0.00556832196173078,0.00320873204018791,0.00424650721157109,0.00320780941358344,0.0033519091274533,0.00311843738327063,0.00355947146736436,0.00354862749556562,0.00366198647412576,0.00327687261265486,0.0032251506168142,0.00469183667608981,0.00350827246543336,0.00361990820869715,0.00317090279422579,0.00329616308598033,0.00317951806452423,0.00336395317174,0.00323627167967507,0.00366076077222641,0.00318466962838063,0.00322466051161422,0.00350086172384218,0.00388259927795662,0.00320551209718189,0.00337762698875612,0.00353490575906137,0.00347226286776235,0.0036749489076773,0.00400598704549407,0.00333716404187305,0.00418871322732856,0.00385750597480197,0.00347290537448269,0.00356764907421537,0.00368138139578909,0.00339133819809003,0.00322210932037817,0.00370096050753822,0.00373348387378065,0.00330173233597723,0.00389440891869402,0.00324361069613692,0.00463225484160582,0.00315948578087253,0.00319169808553238,0.0039808562840106,0.0035066464161306,0.00354983502074417,0.00340692150497143,0.00354240846047402,0.00338313042112755,0.00334186816220333,0.00506613011638944,0.00386021163172398,0.0033714374111214,0.00325081687979977,0.00374194800140892,0.00342283977134639,0.00363188994295135,0.00393009774517431,0.00362449980043144,0.0033885166108787,0.00360640052931314,0.0031828823856368
238,2.4533154002304609E-3,0.00303807915071767,0.00333974194955866,0.00360912703074801,0.00401094494819175,0.00440544805853184,0.00586662451109499,0.00334385849221886,0.00444760398509473,0.00334452070723838,0.00349720213183791,0.00324886802918663,0.00371598567840951,0.00370358664620761,0.00382423690613033,0.00341442816581834,0.00336065704344597,0.00492704551913004,0.00366122326030078,0.0037773328172086,0.00330218467669848,0.00343886661159916,0.0033113953262968,0.00350876319687339,0.00337209443480226,0.00382029070094269,0.00331424520987387,0.00335920155647985,0.00365243942994799,0.0040622280144194,0.00333947343754345,0.00352851857119688,0.00368799418327036,0.00362010675334755,0.0038354544709658,0.00418826878686081,0.00347944521938893,0.00438537101354887,0.00403228593525264,0.00362240969117471,0.00372062438032868,0.00384736040248666,0.00353422051007914,0.00335616956456617,0.00386582784063008,0.00390178292060074,0.00344234008926534,0.00407116180988885,0.0033774269446,0.0048619802835718,0.00328778613812565,0.00332660394574124,0.00417100236435139,0.00365892500814933,0.00370855360086259,0.00355438713638981,0.00369520338753211,0.0035260284982323,0.00348832615736269,0.0053341983173705,0.00403471894681794,0.00351684717576041,0.00338702964512426,0.00390742137570538,0.00356679228883301,0.00379091644228703,0.00410986178833536,0.00378609791311942,0.0035339474022022,0.00376511890651019,0.00331531930389556
239,2.5414436683851016E-3,0.00315554722760508,0.00347402736308275,0.00375720749791435,0.00418276803952955,0.00460119860958295,0.00616492706045919,0.00347898494424981,0.00464870075861838,0.00348123200089332,0.00364249513622251,0.00337929867510264,0.00387249988945466,0.00385854579684961,0.00398648733813489,0.00355198371898181,0.00349616347007774,0.00516225436217026,0.0038141740551682,0.00393475742572005,0.00343346655917118,0.003581570137218,0.00344327258806938,0.0036535732220068,0.00350791718992945,0.00397982062965897,0.0034438207913671,0.00349374260134549,0.00380401713605379,0.00424185675088218,0.00347343477790501,0.00367941015363764,0.00384108260747935,0.00376795063893275,0.00399596003425429,0.00437055052822756,0.0036217263969048,0.00458202879976918,0.00420706589570331,0.00377191400786674,0.003873599686442,0.00401333940918424,0.00367710282206826,0.00349022980875419,0.00403069517372195,0.00407008196742083,0.00358294784255345,0.00424791470108368,0.00351124319306307,0.00509170572553778,0.00341608649537878,0.0034615098059501,0.00436114844469219,0.00381120360016805,0.00386727218098101,0.00370185276780818,0.00384799831459019,0.00366892657533704,0.00363478415252205,0.00560226651835156,0.00420922626191191,0.00366225694039942,0.00352324241044876,0.00407289475000184,0.00371074480631964,0.00394994294162272,0.00428962583149641,0.00394769602580738,0.0036793781935257,0.00392383728370723,0.00344775622215431
240,2.6295719365397423E-3,0.00327301530449249,0.00360831277660683,0.00390528796508068,0.00435459113086735,0.00479694916063406,0.0064632296098234,0.00361411139628075,0.00484979753214201,0.00361794329454826,0.00378778814060711,0.00350972932101864,0.0040290141004998,0.0040135049474916,0.00414873777013947,0.00368953927214528,0.0036316698967095,0.00539746320521048,0.00396712485003562,0.00409218203423151,0.00356474844164388,0.00372427366283683,0.00357514984984196,0.0037983832471402,0.00364373994505664,0.00413935055837525,0.00357339637286034,0.00362828364621111,0.00395559484215959,0.00442148548734496,0.00360739611826656,0.0038303017360784,0.00399417103168834,0.00391579452451796,0.00415646559754279,0.00455283226959431,0.00376400757442067,0.0047786865859895,0.00438184585615399,0.00392141832455877,0.00402657499255531,0.00417931841588182,0.00381998513405736,0.0036242900529422,0.00419556250681381,0.00423838101424091,0.00372355559584156,0.0044246675922785,0.00364505944152615,0.00532143116750376,0.00354438685263191,0.00359641566615896,0.00455129452503298,0.00396348219218678,0.00402599076109943,0.00384931839922656,0.00400079324164826,0.00381182465244178,0.00378124214768141,0.00587033471933262,0.00438373357700587,0.00380766670503844,0.00365945517577326,0.0042383681242983,0.00385469732380626,0.0041089694409584,0.00446938987465746,0.00410929413849536,0.00382480898484919,0.00408255566090428,0.00358019314041306
241,2.7177002046943795E-3,0.00339048338137991,0.00374259819013092,0.00405336843224702,0.00452641422220516,0.00499269971168518,0.00676153215918761,0.00374923784831171,0.00505089430566566,0.00375465458820321,0.00393308114499172,0.00364015996693465,0.00418552831154495,0.00416846409813359,0.00431098820214403,0.00382709482530876,0.00376717632334127,0.0056326720482507,0.00412007564490304,0.00424960664274296,0.00369603032411657,0.00386697718845568,0.00370702711161454,0.00394319327227359,0.00377956270018382,0.00429888048709153,0.00370297195435357,0.00376282469107674,0.00410717254826539,0.00460111422380773,0.00374135745862811,0.00398119331851916,0.00414725945589733,0.00406363841010316,0.00431697116083129,0.00473511401096104,0.00390628875193654,0.0049753443722098,0.00455662581660466,0.00407092264125079,0.00417955029866862,0.00434529742257939,0.00396286744604647,0.00375835029713021,0.00436042983990568,0.004406680061061,0.00386416334912967,0.00460142048347333,0.00377887568998922,0.00555115660946974,0.00367268720988503,0.00373132152636782,0.00474144060537378,0.0041157607842055,0.00418470934121785,0.00399678403064494,0.00415358816870634,0.00395472272954653,0.00392770014284077,0.00613840292031367,0.00455824089209983,0.00395307646967745,0.00379566794109775,0.00440384149859475,0.00399864984129289,0.00426799594029408,0.00464915391781851,0.00427089225118334,0.00397023977617269,0.00424127403810132,0.00371263005867181
242,2.8058284728490201E-3,0.00350795145826732,0.00387688360365501,0.00420144889941335,0.00469823731354296,0.00518845026273629,0.0070598347085518,0.00388436430034266,0.00525199107918931,0.00389136588185815,0.00407837414937632,0.00377059061285065,0.00434204252259009,0.00432342324877558,0.0044732386341486,0.00396465037847223,0.00390268274997304,0.00586788089129093,0.00427302643977046,0.00440703125125441,0.00382731220658927,0.00400968071407452,0.00383890437338712,0.00408800329740699,0.00391538545531101,0.0044584104158078,0.0038325475358468,0.00389736573594237,0.00425875025437119,0.00478074296027051,0.00387531879898967,0.00413208490095992,0.00430034788010632,0.00421148229568836,0.00447747672411978,0.00491739575232779,0.00404856992945241,0.00517200215843012,0.00473140577705533,0.00422042695794282,0.00433252560478194,0.00451127642927696,0.00410574975803559,0.00389241054131822,0.00452529717299754,0.00457497910788109,0.00400477110241778,0.00477817337466815,0.0039126919384523,0.00578088205143572,0.00380098756713816,0.00386622738657668,0.00493158668571457,0.00426803937622423,0.00434342792133628,0.00414424966206332,0.00430638309576441,0.00409762080665127,0.00407415813800013,0.00640647112129473,0.00473274820719379,0.00409848623431647,0.00393188070642225,0.00456931487289122,0.00414260235877951,0.00442702243962977,0.00482891796097956,0.00443249036387131,0.00411567056749619,0.00439999241529837,0.00384506697693056
243,2.8939567410036608E-3,0.00362541953515473,0.00401116901717909,0.00434952936657969,0.00487006040488076,0.0053842008137874,0.00735813725791601,0.0040194907523736,0.00545308785271294,0.00402807717551308,0.00422366715376093,0.00390102125876665,0.00449855673363524,0.00447838239941758,0.00463548906615317,0.0041022059316357,0.00403818917660481,0.00610308973433115,0.00442597723463788,0.00456445585976586,0.00395859408906197,0.00415238423969335,0.0039707816351597,0.00423281332254039,0.0040512082104382,0.00461794034452408,0.00396212311734004,0.004031906780808,0.004410327960477,0.00496037169673329,0.00400928013935123,0.00428297648340068,0.00445343630431531,0.00435932618127356,0.00463798228740828,0.00509967749369453,0.00419085110696828,0.00536865994465043,0.00490618573750601,0.00436993127463485,0.00448550091089524,0.00467725543597454,0.00424863207002469,0.00402647078550623,0.00469016450608941,0.00474327815470117,0.00414537885570588,0.00495492626586298,0.00404650818691538,0.0060106074934017,0.00392928792439129,0.00400113324678554,0.00512173276605537,0.00442031796824296,0.00450214650145469,0.00429171529348169,0.00445917802282249,0.00424051888375601,0.0042206161331595,0.00667453932227579,0.00490725552228776,0.00424389599895548,0.00406809347174675,0.00473478824718768,0.00428655487626613,0.00458604893896545,0.00500868200414061,0.00459408847655928,0.00426110135881968,0.00455871079249542,0.00397750389518931
244,2.982085009158298E-3,0.00374288761204215,0.00414545443070318,0.00449760983374602,0.00504188349621856,0.00557995136483851,0.00765643980728022,0.00415461720440455,0.00565418462623659,0.00416478846916803,0.00436896015814553,0.00403145190468266,0.00465507094468039,0.00463334155005957,0.00479773949815774,0.00423976148479917,0.00417369560323658,0.00633829857737137,0.0045789280295053,0.00472188046827731,0.00408987597153466,0.00429508776531219,0.00410265889693227,0.00437762334767379,0.00418703096556539,0.00477747027324036,0.00409169869883327,0.00416644782567363,0.00456190566658279,0.00514000043319607,0.00414324147971278,0.00443386806584144,0.0046065247285243,0.00450717006685877,0.00479848785069677,0.00528195923506127,0.00433313228448415,0.00556531773087075,0.00508096569795668,0.00451943559132688,0.00463847621700856,0.00484323444267212,0.0043915143820138,0.00416053102969425,0.00485503183918128,0.00491157720152125,0.004285986608994,0.0051316791570578,0.00418032443537845,0.00624033293536768,0.00405758828164441,0.0041360391069944,0.00531187884639616,0.00457259656026168,0.00466086508157311,0.00443918092490007,0.00461197294988057,0.00438341696086075,0.00436707412831886,0.00694260752325685,0.00508176283738172,0.0043893057635945,0.00420430623707125,0.00490026162148413,0.00443050739375276,0.00474507543830113,0.00518844604730167,0.00475568658924725,0.00440653215014318,0.00471742916969246,0.00410994081344806
245,3.0702132773129387E-3,0.00386035568892956,0.00427973984422727,0.00464569030091235,0.00521370658755636,0.00577570191588962,0.00795474235664442,0.0042897436564355,0.00585528139976024,0.00430149976282297,0.00451425316253013,0.00416188255059866,0.00481158515572554,0.00478830070070156,0.00495998993016231,0.00437731703796264,0.00430920202986834,0.00657350742041159,0.00473187882437273,0.00487930507678876,0.00422115785400736,0.00443779129093103,0.00423453615870485,0.00452243337280718,0.00432285372069258,0.00493700020195664,0.00422127428032651,0.00430098887053925,0.0047134833726886,0.00531962916965884,0.00427720282007433,0.0045847596482822,0.00475961315273329,0.00465501395244397,0.00495899341398527,0.00546424097642802,0.00447541346200002,0.00576197551709106,0.00525574565840736,0.00466893990801891,0.00479145152312187,0.00500921344936969,0.00453439669400291,0.00429459127388225,0.00501989917227314,0.00507987624834134,0.0044265943622821,0.00530843204825263,0.00431414068384153,0.00647005837733366,0.00418588863889754,0.00427094496720326,0.00550202492673696,0.00472487515228041,0.00481958366169153,0.00458664655631845,0.00476476787693865,0.0045263150379655,0.00451353212347823,0.0072106757242379,0.00525627015247569,0.00453471552823352,0.00434051900239574,0.00506573499578059,0.00457445991123939,0.00490410193763681,0.00536821009046272,0.00491728470193523,0.00455196294146668,0.0048761475468895,0.00424237773170681
246,3.1583415454675794E-3,0.00397782376581697,0.00441402525775136,0.00479377076807869,0.00538552967889417,0.00597145246694073,0.00825304490600863,0.00442487010846645,0.00605637817328388,0.00443821105647791,0.00465954616691474,0.00429231319651467,0.00496809936677068,0.00494325985134356,0.00512224036216688,0.00451487259112612,0.00444470845650011,0.00680871626345182,0.00488482961924015,0.00503672968530022,0.00435243973648005,0.00458049481654987,0.00436641342047743,0.00466724339794058,0.00445867647581977,0.00509653013067292,0.00435084986181974,0.00443552991540489,0.0048650610787944,0.00549925790612162,0.00441116416043589,0.00473565123072296,0.00491270157694228,0.00480285783802917,0.00511949897727377,0.00564652271779476,0.00461769463951589,0.00595863330331137,0.00543052561885803,0.00481844422471093,0.00494442682923518,0.00517519245606726,0.00467727900599202,0.00442865151807026,0.00518476650536501,0.00524817529516142,0.00456720211557021,0.00548518493944746,0.00444795693230461,0.00669978381929964,0.00431418899615067,0.00440585082741212,0.00569217100707775,0.00487715374429913,0.00497830224180995,0.00473411218773683,0.00491756280399673,0.00466921311507024,0.00465999011863759,0.00747874392521896,0.00543077746756965,0.00468012529287253,0.00447673176772024,0.00523120837007705,0.00471841242872601,0.00506312843697249,0.00554797413362377,0.0050788828146232,0.00469739373279017,0.00503486592408655,0.00437481464996556
247,3.2464698136222166E-3,0.00409529184270439,0.00454831067127544,0.00494185123524502,0.00555735277023197,0.00616720301799185,0.00855134745537284,0.0045599965604974,0.00625747494680752,0.00457492235013285,0.00480483917129934,0.00442274384243067,0.00512461357781583,0.00509821900198555,0.00528449079417145,0.00465242814428959,0.00458021488313188,0.00704392510649204,0.00503778041410757,0.00519415429381166,0.00448372161895275,0.0047231983421687,0.00449829068225001,0.00481205342307398,0.00459449923094696,0.0052560600593892,0.00448042544331298,0.00457007096027052,0.0050166387849002,0.0056788866425844,0.00454512550079745,0.00488654281316372,0.00506579000115127,0.00495070172361437,0.00528000454056227,0.0058288044591615,0.00475997581703177,0.00615529108953169,0.0056053055793087,0.00496794854140296,0.0050974021353485,0.00534117146276484,0.00482016131798113,0.00456271176225828,0.00534963383845687,0.00541647434198151,0.00470780986885832,0.00566193783064228,0.00458177318076769,0.00692950926126561,0.00444248935340379,0.00454075668762098,0.00588231708741855,0.00502943233631786,0.00513702082192837,0.00488157781915521,0.00507035773105481,0.00481211119217499,0.00480644811379695,0.00774681212620002,0.00560528478266361,0.00482553505751155,0.00461294453304474,0.00539668174437351,0.00486236494621263,0.00522215493630818,0.00572773817678482,0.00524048092731117,0.00484282452411367,0.0051935843012836,0.00450725156822431
248,3.3345980817768572E-3,0.0042127599195918,0.00468259608479953,0.00508993170241136,0.00572917586156977,0.00636295356904296,0.00884965000473703,0.00469512301252834,0.00645857172033116,0.00471163364378779,0.00495013217568395,0.00455317448834668,0.00528112778886098,0.00525317815262755,0.00544674122617602,0.00478998369745306,0.00471572130976365,0.00727913394953227,0.00519073120897499,0.00535157890232312,0.00461500350142545,0.00486590186778754,0.00463016794402259,0.00495686344820738,0.00473032198607414,0.00541558998810548,0.00461000102480622,0.00470461200513614,0.005168216491006,0.00585851537904718,0.004679086841159,0.00503743439560447,0.00521887842536026,0.00509854560919958,0.00544051010385076,0.00601108620052825,0.00490225699454764,0.006351948875752,0.00578008553975937,0.00511745285809499,0.00525037744146181,0.00550715046946242,0.00496304362997024,0.00469677200644629,0.00551450117154874,0.0055847733888016,0.00484841762214643,0.00583869072183711,0.00471558942923076,0.00715923470323159,0.00457078971065691,0.00467566254782985,0.00607246316775934,0.00518171092833658,0.00529573940204679,0.00502904345057358,0.00522315265811289,0.00495500926927973,0.00495290610895632,0.00801488032718108,0.00577979209775757,0.00497094482215057,0.00474915729836923,0.00556215511866997,0.00500631746369926,0.00538118143564386,0.00590750221994587,0.00540207903999915,0.00498825531543717,0.00535230267848064,0.00463968848648306
249,3.4227263499314979E-3,0.00433022799647921,0.00481688149832361,0.00523801216957769,0.00590099895290758,0.00655870412009407,0.00914795255410124,0.00483024946455929,0.00665966849385481,0.00484834493744273,0.00509542518006855,0.00468360513426268,0.00543764199990612,0.00540813730326954,0.00560899165818059,0.00492753925061653,0.00485122773639542,0.00751434279257249,0.00534368200384241,0.00550900351083457,0.00474628538389814,0.00500860539340638,0.00476204520579517,0.00510167347334077,0.00486614474120133,0.00557511991682175,0.00473957660629945,0.00483915305000178,0.0053197941971118,0.00603814411550996,0.00481304818152055,0.00518832597804524,0.00537196684956926,0.00524638949478478,0.00560101566713926,0.00619336794189499,0.00504453817206351,0.00654860666197231,0.00595486550021004,0.00526695717478701,0.00540335274757512,0.00567312947615999,0.00510592594195935,0.0048308322506343,0.0056793685046406,0.00575307243562168,0.00498902537543454,0.00601544361303194,0.00484940567769384,0.00738896014519758,0.00469909006791004,0.00481056840803871,0.00626260924810014,0.00533398952035531,0.00545445798216521,0.00517650908199197,0.00537594758517096,0.00509790734638447,0.00509936410411568,0.00828294852816214,0.00595429941285153,0.00511635458678958,0.00488537006369373,0.00572762849296643,0.00515026998118588,0.00554020793497954,0.00608726626310692,0.00556367715268712,0.00513368610676066,0.00551102105567768,0.00477212540474182
250,3.5108546180861351E-3,0.00444769607336663,0.0049511669118477,0.00538609263674402,0.00607282204424538,0.00675445467114518,0.00944625510346544,0.00496537591659024,0.00686076526737845,0.00498505623109767,0.00524071818445315,0.00481403578017869,0.00559415621095127,0.00556309645391153,0.00577124209018515,0.00506509480378,0.00498673416302718,0.00774955163561271,0.00549663279870982,0.00566642811934602,0.00487756726637084,0.00515130891902522,0.00489392246756775,0.00524648349847417,0.00500196749632852,0.00573464984553804,0.00486915218779268,0.0049736940948674,0.00547137190321761,0.00621777285197273,0.00494700952188211,0.00533921756048599,0.00552505527377825,0.00539423338036998,0.00576152123042775,0.00637564968326173,0.00518681934957938,0.00674526444819262,0.00612964546066072,0.00541646149147904,0.00555632805368844,0.00583910848285757,0.00524880825394846,0.00496489249482231,0.00584423583773247,0.00592137148244176,0.00512963312872265,0.00619219650422677,0.00498322192615691,0.00761868558716355,0.00482739042516317,0.00494547426824757,0.00645275532844093,0.00548626811237404,0.00561317656228363,0.00532397471341034,0.00552874251222904,0.00524080542348921,0.00524582209927504,0.00855101672914319,0.0061288067279455,0.00526176435142859,0.00502158282901823,0.00589310186726288,0.00529422249867251,0.00569923443431523,0.00626703030626797,0.00572527526537509,0.00527911689808416,0.00566973943287473,0.00490456232300056
